Кампания;Группа объявлений;Оффер/модель;Заголовок 1;Заголовок 2;Текст объявления;Ссылка;Регион;Количество ключей
Поиск РФ - tdrusstankosbyt.ru;Станки;Станок токарно-винторезный 1М63;Купить Станок токарно-винторезный 1М63;Технические характеристики;В наличии. Доставка по РФ. Техническая поддержка;https://store.tilda.ru/store/?projectid=15028376;Россия;10
Поиск РФ - tdrusstankosbyt.ru;Станки;Станок токарно-винторезный 1М65;Купить Станок токарно-винторезный 1М65;Технические характеристики;В наличии. Доставка по РФ. Техническая поддержка;https://store.tilda.ru/store/?projectid=15028376;Россия;10
Поиск РФ - tdrusstankosbyt.ru;Станки;Станок токарно-накатной РТ301;Купить Станок токарно-накатной РТ301;Технические характеристики;В наличии. Доставка по РФ. Техническая поддержка;https://store.tilda.ru/store/?projectid=15028376;Россия;10
Поиск РФ - tdrusstankosbyt.ru;Станки;Станок токарно-патронно-центровой 16М30Ф3;Купить Станок токарно-патронно-центровой 16М30Ф3;Технические характеристики;В наличии. Доставка по РФ. Техническая поддержка;https://store.tilda.ru/store/?projectid=15028376;Россия;9
Поиск РФ - tdrusstankosbyt.ru;Револьверные головки;Головка револьверная 16М30Ф3.40.000;Купить Головка револьверная 16М30Ф3.40.000;Технические характеристики;В наличии. Доставка по РФ. Техническая поддержка;https://store.tilda.ru/store/?projectid=15028376;Россия;21
Поиск РФ - tdrusstankosbyt.ru;Револьверные головки;Головка револьверная 1П756ДФ3.40.000;Купить Головка револьверная 1П756ДФ3.40.000;Технические характеристики;В наличии. Доставка по РФ. Техническая поддержка;https://store.tilda.ru/store/?projectid=15028376;Россия;1
Поиск РФ - tdrusstankosbyt.ru;Револьверные головки;Головка револьверная 1П756ДФ3.39.000;Купить Головка револьверная 1П756ДФ3.39.000;Технические характеристики;В наличии. Доставка по РФ. Техническая поддержка;https://store.tilda.ru/store/?projectid=15028376;Россия;18
Поиск РФ - tdrusstankosbyt.ru;Револьверные головки;Головка револьверная 16К30Ф3.40.000;Купить Головка револьверная 16К30Ф3.40.000;Технические характеристики;В наличии. Доставка по РФ. Техническая поддержка;https://store.tilda.ru/store/?projectid=15028376;Россия;18
Поиск РФ - tdrusstankosbyt.ru;Шпиндельная бабка 1М63, 16К40, 16М30, 1М65, 1Н65, РТ817, РТ117, РТ917;Валы шпиндельной бабки 1М63, 16К40, 16М30;Купить Валы шпиндельной бабки 1М63, 16К40, 16М30;Технические характеристики;В наличии. Доставка по РФ. Техническая поддержка;https://store.tilda.ru/store/?projectid=15028376;Россия;0
Поиск РФ - tdrusstankosbyt.ru;Шпиндельная бабка 1М63, 16К40, 16М30, 1М65, 1Н65, РТ817, РТ117, РТ917;Валы шпиндельной бабки 1М65, 1Н65, РТ817, РТ117, РТ917;Купить Валы шпиндельной бабки 1М65, 1Н65, РТ817, РТ117, РТ917;Технические характеристики;В наличии. Доставка по РФ. Техническая поддержка;https://store.tilda.ru/store/?projectid=15028376;Россия;0
Поиск РФ - tdrusstankosbyt.ru;Шпиндельная бабка 1М63, 16К40, 16М30, 1М65, 1Н65, РТ817, РТ117, РТ917;шестерни шпиндельной бабки 1М63, 16К40, 16М30;Купить шестерни шпиндельной бабки 1М63, 16К40, 16М30;Технические характеристики;В наличии. Доставка по РФ. Техническая поддержка;https://store.tilda.ru/store/?projectid=15028376;Россия;1
Поиск РФ - tdrusstankosbyt.ru;Шпиндельная бабка 1М63, 16К40, 16М30, 1М65, 1Н65, РТ817, РТ117, РТ917;шестерни шпиндельной бабки 1М65, 1Н65, РТ817, РТ117, РТ917;Купить шестерни шпиндельной бабки 1М65, 1Н65, РТ817, РТ117, РТ917;Технические характеристики;В наличии. Доставка по РФ. Техническая поддержка;https://store.tilda.ru/store/?projectid=15028376;Россия;0
Поиск РФ - tdrusstankosbyt.ru;Шпиндельная бабка 1М63, 16К40, 16М30, 1М65, 1Н65, РТ817, РТ117, РТ917;Запасные части к Шпиндельная бабка 1М63, 16К40, 16М30, 1М65, 1Н65, РТ817, РТ117, РТ917;Купить Запасные части к Шпиндельная бабка 1М63, 16К40, 16М30, 1М65, 1Н65, РТ817, РТ117, РТ917;Технические характеристики;В наличии. Доставка по РФ. Техническая поддержка;https://store.tilda.ru/store/?projectid=15028376;Россия;0
Поиск РФ - tdrusstankosbyt.ru;Задняя бабка;Шпиндель к задней бабки 16К40, 16М30, 1М65, 1Н65, РТ817, РТ117, РТ917;Купить Шпиндель к задней бабки 16К40, 16М30, 1М65, 1Н65, РТ817, РТ117, РТ917;Технические характеристики;В наличии. Доставка по РФ. Техническая поддержка;https://store.tilda.ru/store/?projectid=15028376;Россия;0
Поиск РФ - tdrusstankosbyt.ru;Задняя бабка;Шестерни задней бабки 1М65, 1Н65, РТ817, РТ117, РТ917;Купить Шестерни задней бабки 1М65, 1Н65, РТ817, РТ117, РТ917;Технические характеристики;В наличии. Доставка по РФ. Техническая поддержка;https://store.tilda.ru/store/?projectid=15028376;Россия;0
Поиск РФ - tdrusstankosbyt.ru;Задняя бабка;Корпус задней бабки 1М63, 16К40, 16М30, 1М65, 1Н65, РТ817, РТ117, РТ917;Купить Корпус задней бабки 1М63, 16К40, 16М30, 1М65, 1Н65, РТ817, РТ117, РТ917;Технические характеристики;В наличии. Доставка по РФ. Техническая поддержка;https://store.tilda.ru/store/?projectid=15028376;Россия;0
Поиск РФ - tdrusstankosbyt.ru;Задняя бабка;Пиноль задней бабки 1М63, 16К40, 16М30, 1М65, 1Н65, РТ817, РТ117, РТ917;Купить Пиноль задней бабки 1М63, 16К40, 16М30, 1М65, 1Н65, РТ817, РТ117, РТ917;Технические характеристики;В наличии. Доставка по РФ. Техническая поддержка;https://store.tilda.ru/store/?projectid=15028376;Россия;0
Поиск РФ - tdrusstankosbyt.ru;Коробка подач;Шестерни коробки подач 1М65, 1Н65, РТ817, РТ117, РТ917;Купить Шестерни коробки подач 1М65, 1Н65, РТ817, РТ117, РТ917;Технические характеристики;В наличии. Доставка по РФ. Техническая поддержка;https://store.tilda.ru/store/?projectid=15028376;Россия;0
Поиск РФ - tdrusstankosbyt.ru;Коробка подач;Шестерни коробки подач 1М63;Купить Шестерни коробки подач 1М63;Технические характеристики;В наличии. Доставка по РФ. Техническая поддержка;https://store.tilda.ru/store/?projectid=15028376;Россия;0
Поиск РФ - tdrusstankosbyt.ru;Коробка подач;Комплект шестерен станка 1М63 (коробка подач);Купить Комплект шестерен станка 1М63 (коробка подач);Технические характеристики;В наличии. Доставка по РФ. Техническая поддержка;https://store.tilda.ru/store/?projectid=15028376;Россия;0
Поиск РФ - tdrusstankosbyt.ru;Коробка подач;;Купить ;Технические характеристики;В наличии. Доставка по РФ. Техническая поддержка;https://store.tilda.ru/store/?projectid=15028376;Россия;0
Поиск РФ - tdrusstankosbyt.ru;Фартук;Шестерни фартука 1М63;Купить Шестерни фартука 1М63;Технические характеристики;В наличии. Доставка по РФ. Техническая поддержка;https://store.tilda.ru/store/?projectid=15028376;Россия;82
Поиск РФ - tdrusstankosbyt.ru;Каретка, суппорт;Суппорта к станкам 1М63. 1М65, 1Н65, РТ817, РТ117, РТ917;Купить Суппорта к станкам 1М63. 1М65, 1Н65, РТ817, РТ117, РТ917;Технические характеристики;В наличии. Доставка по РФ. Техническая поддержка;https://store.tilda.ru/store/?projectid=15028376;Россия;1
Поиск РФ - tdrusstankosbyt.ru;Каретка, суппорт;Трап винты кареточные 1М63. 1М65, 1Н65, РТ817, РТ117, РТ917;Купить Трап винты кареточные 1М63. 1М65, 1Н65, РТ817, РТ117, РТ917;Технические характеристики;В наличии. Доставка по РФ. Техническая поддержка;https://store.tilda.ru/store/?projectid=15028376;Россия;0
Поиск РФ - tdrusstankosbyt.ru;Каретка, суппорт;Трап винты суппортные (токарная группа);Купить Трап винты суппортные (токарная группа);Технические характеристики;В наличии. Доставка по РФ. Техническая поддержка;https://store.tilda.ru/store/?projectid=15028376;Россия;0
Поиск РФ - tdrusstankosbyt.ru;Каретка, суппорт;Винт суппорта с гайкой 1М63 (1М63.04.152);Купить Винт суппорта с гайкой 1М63 (1М63.04.152);Технические характеристики;В наличии. Доставка по РФ. Техническая поддержка;https://store.tilda.ru/store/?projectid=15028376;Россия;44
Поиск РФ - tdrusstankosbyt.ru;Резцедержатели;Винты для станков 1М63, 1М65, 1Н65;Купить Винты для станков 1М63, 1М65, 1Н65;Технические характеристики;В наличии. Доставка по РФ. Техническая поддержка;https://store.tilda.ru/store/?projectid=15028376;Россия;4
Поиск РФ - tdrusstankosbyt.ru;Резцедержатели;Поддержка винта и вала 1М63;Купить Поддержка винта и вала 1М63;Технические характеристики;В наличии. Доставка по РФ. Техническая поддержка;https://store.tilda.ru/store/?projectid=15028376;Россия;1
Поиск РФ - tdrusstankosbyt.ru;Резцедержатели;ШВП + гайки;Купить ШВП + гайки;Технические характеристики;В наличии. Доставка по РФ. Техническая поддержка;https://store.tilda.ru/store/?projectid=15028376;Россия;2
Поиск РФ - tdrusstankosbyt.ru;Ролики накатные;ролики сглаж;Купить ролики сглаж;Технические характеристики;В наличии. Доставка по РФ. Техническая поддержка;https://store.tilda.ru/store/?projectid=15028376;Россия;0
Поиск РФ - tdrusstankosbyt.ru;Минимизация простоев IP;Срочная поставка комплектующих для токарных станков (шестерни-колеса зубчатые,винты, маточные гайки,муфты обгонные,валы,ремонт револьв головок,насосы масленные шпиндельной бабки, насосы масленные коробки подач????,;Купить Срочная поставка комплектующих для токарных станков (шестерни-колеса зубчатые,винты, маточные гайки,муфты обгонные,валы,ремонт револьв головок,насосы масленные шпиндельной бабки, насосы масленные коробки подач????,;Технические характеристики;В наличии. Доставка по РФ. Техническая поддержка;https://store.tilda.ru/store/?projectid=15028376;Россия;0
Поиск РФ - tdrusstankosbyt.ru;Минимизация простоев IP;Программа минимизации простоев и TCO;Купить Программа минимизации простоев и TCO;Технические характеристики;В наличии. Доставка по РФ. Техническая поддержка;https://store.tilda.ru/store/?projectid=15028376;Россия;0
Поиск РФ - tdrusstankosbyt.ru;Минимизация простоев IP;Сервисные контракты и SLA на ремонт узлов;Купить Сервисные контракты и SLA на ремонт узлов;Технические характеристики;В наличии. Доставка по РФ. Техническая поддержка;https://store.tilda.ru/store/?projectid=15028376;Россия;0
