ID_товара,Название,Описание,Ключевые_слова,Цена,Валюта,Единица_измерения,Наличие,Тип_опт_розница,Рубрика,Фотография,Артикул,Производитель,Страна_производитель,Ошибки,Совет
1,Патрон токарный 4-кулачковый ф1000 мм,Патрон токарный 4-кулачковый ф1000 мм. Запасная часть для металлорежущих станков. Подбор и изготовление по техзаданию.,"Патрон токарный 4-кулачковый ф1000 мм, Патроны токарные, запчасти для станков, комплектующие",531250,руб,шт.,в наличии,опт и розница,Патроны,https://static.tildacdn.com/tild3235-6334-4536-b430-656238613562/image.jpg,RSS-0001,ТД РУССтанкоСбыт,Россия,Описание,
2,Патрон токарный 4-кулачковый ф630-800 мм,Патрон токарный 4-кулачковый ф630-800 мм. Запасная часть для металлорежущих станков. Подбор и изготовление по техзаданию.,"Патрон токарный 4-кулачковый ф630-800 мм, Патроны токарные, запчасти для станков, комплектующие",231250,руб,шт.,в наличии,опт и розница,Патроны,https://static.tildacdn.com/tild3235-6334-4536-b430-656238613562/image.jpg,RSS-0002,ТД РУССтанкоСбыт,Россия,Описание,
3,Револьверная головка для станков с ЧПУ,Револьверная головка для станков с ЧПУ. Запасная часть для металлорежущих станков. Подбор и изготовление по техзаданию.,"Револьверная головка для станков с ЧПУ, Револьверные головки, запчасти для станков, комплектующие",262500,руб,шт.,в наличии,опт и розница,Револьверные головки,https://static.tildacdn.com/tild3235-6334-4536-b430-656238613562/image.jpg,RSS-0003,ТД РУССтанкоСбыт,Россия,Описание,
4,ШВП шарико-винтовая пара для станков с ЧПУ,ШВП шарико-винтовая пара для станков с ЧПУ. Запасная часть для металлорежущих станков. Подбор и изготовление по техзаданию.,"ШВП шарико-винтовая пара для станков с ЧПУ, ШВП, запчасти для станков, комплектующие",206250,руб,шт.,в наличии,опт и розница,ШВП,https://static.tildacdn.com/tild3235-6334-4536-b430-656238613562/image.jpg,RSS-0004,ТД РУССтанкоСбыт,Россия,Описание,
5,Суппорт токарный в сборе с резцедержателем,Суппорт токарный в сборе с резцедержателем. Запасная часть для металлорежущих станков. Подбор и изготовление по техзаданию.,"Суппорт токарный в сборе с резцедержателем, Суппорты, запчасти для станков, комплектующие",154344,руб,шт.,в наличии,опт и розница,Суппорты,https://static.tildacdn.com/tild3235-6334-4536-b430-656238613562/image.jpg,RSS-0005,ТД РУССтанкоСбыт,Россия,Описание,
6,Шпиндель токарного станка в сборе,Шпиндель токарного станка в сборе. Запасная часть для металлорежущих станков. Подбор и изготовление по техзаданию.,"Шпиндель токарного станка в сборе, Шпиндели, запчасти для станков, комплектующие",134375,руб,шт.,в наличии,опт и розница,Шпиндели,https://static.tildacdn.com/tild3235-6334-4536-b430-656238613562/image.jpg,RSS-0006,ТД РУССтанкоСбыт,Россия,Описание,
7,Люнет неподвижный (тяжелая группа),Люнет неподвижный (тяжелая группа). Запасная часть для металлорежущих станков. Подбор и изготовление по техзаданию.,"Люнет неподвижный (тяжелая группа), Люнеты, запчасти для станков, комплектующие",218750,руб,шт.,в наличии,опт и розница,Люнеты,https://static.tildacdn.com/tild3235-6334-4536-b430-656238613562/image.jpg,RSS-0007,ТД РУССтанкоСбыт,Россия,Описание,
8,Резцедержатель четырехпозиционный,Резцедержатель четырехпозиционный. Запасная часть для металлорежущих станков. Подбор и изготовление по техзаданию.,"Резцедержатель четырехпозиционный, Резцедержатели, запчасти для станков, комплектующие",100000,руб,шт.,в наличии,опт и розница,Резцедержатели,https://static.tildacdn.com/tild3235-6334-4536-b430-656238613562/image.jpg,RSS-0008,ТД РУССтанкоСбыт,Россия,Описание,
9,Винт ходовой (универсальный),Винт ходовой (универсальный). Запасная часть для металлорежущих станков. Подбор и изготовление по техзаданию.,"Винт ходовой (универсальный), Винты ходовые, запчасти для станков, комплектующие",115312,руб,шт.,в наличии,опт и розница,Винты,https://static.tildacdn.com/tild3235-6334-4536-b430-656238613562/image.jpg,RSS-0009,ТД РУССтанкоСбыт,Россия,Описание,
10,Муфта обгонная,Муфта обгонная. Запасная часть для металлорежущих станков. Подбор и изготовление по техзаданию.,"Муфта обгонная, Муфты, запчасти для станков, комплектующие",54688,руб,шт.,в наличии,опт и розница,Муфты,https://static.tildacdn.com/tild3235-6334-4536-b430-656238613562/image.jpg,RSS-0010,ТД РУССтанкоСбыт,Россия,Описание,
11,Шестерня цилиндрическая модуль 2 Z20,Шестерня цилиндрическая модуль 2 Z20. Запасная часть для металлорежущих станков. Подбор и изготовление по техзаданию.,"Шестерня цилиндрическая модуль 2 Z20, Шестерни, запчасти для станков, комплектующие",7812,руб,шт.,в наличии,опт и розница,Шестерни,https://static.tildacdn.com/tild3235-6334-4536-b430-656238613562/image.jpg,RSS-0011,ТД РУССтанкоСбыт,Россия,Описание,
12,Шестерня цилиндрическая модуль 2 Z25,Шестерня цилиндрическая модуль 2 Z25. Запасная часть для металлорежущих станков. Подбор и изготовление по техзаданию.,"Шестерня цилиндрическая модуль 2 Z25, Шестерни, запчасти для станков, комплектующие",7812,руб,шт.,в наличии,опт и розница,Шестерни,https://static.tildacdn.com/tild3235-6334-4536-b430-656238613562/image.jpg,RSS-0012,ТД РУССтанкоСбыт,Россия,Описание,
13,Шестерня цилиндрическая модуль 2 Z30,Шестерня цилиндрическая модуль 2 Z30. Запасная часть для металлорежущих станков. Подбор и изготовление по техзаданию.,"Шестерня цилиндрическая модуль 2 Z30, Шестерни, запчасти для станков, комплектующие",7812,руб,шт.,в наличии,опт и розница,Шестерни,https://static.tildacdn.com/tild3235-6334-4536-b430-656238613562/image.jpg,RSS-0013,ТД РУССтанкоСбыт,Россия,Описание,
14,Шестерня цилиндрическая модуль 2 Z35,Шестерня цилиндрическая модуль 2 Z35. Запасная часть для металлорежущих станков. Подбор и изготовление по техзаданию.,"Шестерня цилиндрическая модуль 2 Z35, Шестерни, запчасти для станков, комплектующие",7812,руб,шт.,в наличии,опт и розница,Шестерни,https://static.tildacdn.com/tild3235-6334-4536-b430-656238613562/image.jpg,RSS-0014,ТД РУССтанкоСбыт,Россия,Описание,
15,Шестерня цилиндрическая модуль 2 Z40,Шестерня цилиндрическая модуль 2 Z40. Запасная часть для металлорежущих станков. Подбор и изготовление по техзаданию.,"Шестерня цилиндрическая модуль 2 Z40, Шестерни, запчасти для станков, комплектующие",7812,руб,шт.,в наличии,опт и розница,Шестерни,https://static.tildacdn.com/tild3235-6334-4536-b430-656238613562/image.jpg,RSS-0015,ТД РУССтанкоСбыт,Россия,Описание,
16,Шестерня цилиндрическая модуль 2 Z45,Шестерня цилиндрическая модуль 2 Z45. Запасная часть для металлорежущих станков. Подбор и изготовление по техзаданию.,"Шестерня цилиндрическая модуль 2 Z45, Шестерни, запчасти для станков, комплектующие",7812,руб,шт.,в наличии,опт и розница,Шестерни,https://static.tildacdn.com/tild3235-6334-4536-b430-656238613562/image.jpg,RSS-0016,ТД РУССтанкоСбыт,Россия,Описание,
17,Шестерня цилиндрическая модуль 2 Z50,Шестерня цилиндрическая модуль 2 Z50. Запасная часть для металлорежущих станков. Подбор и изготовление по техзаданию.,"Шестерня цилиндрическая модуль 2 Z50, Шестерни, запчасти для станков, комплектующие",7812,руб,шт.,в наличии,опт и розница,Шестерни,https://static.tildacdn.com/tild3235-6334-4536-b430-656238613562/image.jpg,RSS-0017,ТД РУССтанкоСбыт,Россия,Описание,
18,Шестерня цилиндрическая модуль 2 Z55,Шестерня цилиндрическая модуль 2 Z55. Запасная часть для металлорежущих станков. Подбор и изготовление по техзаданию.,"Шестерня цилиндрическая модуль 2 Z55, Шестерни, запчасти для станков, комплектующие",7812,руб,шт.,в наличии,опт и розница,Шестерни,https://static.tildacdn.com/tild3235-6334-4536-b430-656238613562/image.jpg,RSS-0018,ТД РУССтанкоСбыт,Россия,Описание,
19,Шестерня цилиндрическая модуль 2 Z60,Шестерня цилиндрическая модуль 2 Z60. Запасная часть для металлорежущих станков. Подбор и изготовление по техзаданию.,"Шестерня цилиндрическая модуль 2 Z60, Шестерни, запчасти для станков, комплектующие",7812,руб,шт.,в наличии,опт и розница,Шестерни,https://static.tildacdn.com/tild3235-6334-4536-b430-656238613562/image.jpg,RSS-0019,ТД РУССтанкоСбыт,Россия,Описание,
20,Шестерня цилиндрическая модуль 2 Z65,Шестерня цилиндрическая модуль 2 Z65. Запасная часть для металлорежущих станков. Подбор и изготовление по техзаданию.,"Шестерня цилиндрическая модуль 2 Z65, Шестерни, запчасти для станков, комплектующие",7812,руб,шт.,в наличии,опт и розница,Шестерни,https://static.tildacdn.com/tild3235-6334-4536-b430-656238613562/image.jpg,RSS-0020,ТД РУССтанкоСбыт,Россия,Описание,
21,Шестерня цилиндрическая модуль 3 Z20,Шестерня цилиндрическая модуль 3 Z20. Запасная часть для металлорежущих станков. Подбор и изготовление по техзаданию.,"Шестерня цилиндрическая модуль 3 Z20, Шестерни, запчасти для станков, комплектующие",10312,руб,шт.,в наличии,опт и розница,Шестерни,https://static.tildacdn.com/tild3235-6334-4536-b430-656238613562/image.jpg,RSS-0021,ТД РУССтанкоСбыт,Россия,Описание,
22,Шестерня цилиндрическая модуль 3 Z25,Шестерня цилиндрическая модуль 3 Z25. Запасная часть для металлорежущих станков. Подбор и изготовление по техзаданию.,"Шестерня цилиндрическая модуль 3 Z25, Шестерни, запчасти для станков, комплектующие",10312,руб,шт.,в наличии,опт и розница,Шестерни,https://static.tildacdn.com/tild3235-6334-4536-b430-656238613562/image.jpg,RSS-0022,ТД РУССтанкоСбыт,Россия,Описание,
23,Шестерня цилиндрическая модуль 3 Z30,Шестерня цилиндрическая модуль 3 Z30. Запасная часть для металлорежущих станков. Подбор и изготовление по техзаданию.,"Шестерня цилиндрическая модуль 3 Z30, Шестерни, запчасти для станков, комплектующие",10312,руб,шт.,в наличии,опт и розница,Шестерни,https://static.tildacdn.com/tild3235-6334-4536-b430-656238613562/image.jpg,RSS-0023,ТД РУССтанкоСбыт,Россия,Описание,
24,Шестерня цилиндрическая модуль 3 Z35,Шестерня цилиндрическая модуль 3 Z35. Запасная часть для металлорежущих станков. Подбор и изготовление по техзаданию.,"Шестерня цилиндрическая модуль 3 Z35, Шестерни, запчасти для станков, комплектующие",10312,руб,шт.,в наличии,опт и розница,Шестерни,https://static.tildacdn.com/tild3235-6334-4536-b430-656238613562/image.jpg,RSS-0024,ТД РУССтанкоСбыт,Россия,Описание,
25,Шестерня цилиндрическая модуль 3 Z40,Шестерня цилиндрическая модуль 3 Z40. Запасная часть для металлорежущих станков. Подбор и изготовление по техзаданию.,"Шестерня цилиндрическая модуль 3 Z40, Шестерни, запчасти для станков, комплектующие",10312,руб,шт.,в наличии,опт и розница,Шестерни,https://static.tildacdn.com/tild3235-6334-4536-b430-656238613562/image.jpg,RSS-0025,ТД РУССтанкоСбыт,Россия,Описание,
26,Шестерня цилиндрическая модуль 3 Z45,Шестерня цилиндрическая модуль 3 Z45. Запасная часть для металлорежущих станков. Подбор и изготовление по техзаданию.,"Шестерня цилиндрическая модуль 3 Z45, Шестерни, запчасти для станков, комплектующие",10312,руб,шт.,в наличии,опт и розница,Шестерни,https://static.tildacdn.com/tild3235-6334-4536-b430-656238613562/image.jpg,RSS-0026,ТД РУССтанкоСбыт,Россия,Описание,
27,Шестерня цилиндрическая модуль 3 Z50,Шестерня цилиндрическая модуль 3 Z50. Запасная часть для металлорежущих станков. Подбор и изготовление по техзаданию.,"Шестерня цилиндрическая модуль 3 Z50, Шестерни, запчасти для станков, комплектующие",10312,руб,шт.,в наличии,опт и розница,Шестерни,https://static.tildacdn.com/tild3235-6334-4536-b430-656238613562/image.jpg,RSS-0027,ТД РУССтанкоСбыт,Россия,Описание,
28,Шестерня цилиндрическая модуль 3 Z55,Шестерня цилиндрическая модуль 3 Z55. Запасная часть для металлорежущих станков. Подбор и изготовление по техзаданию.,"Шестерня цилиндрическая модуль 3 Z55, Шестерни, запчасти для станков, комплектующие",10312,руб,шт.,в наличии,опт и розница,Шестерни,https://static.tildacdn.com/tild3235-6334-4536-b430-656238613562/image.jpg,RSS-0028,ТД РУССтанкоСбыт,Россия,Описание,
29,Шестерня цилиндрическая модуль 3 Z60,Шестерня цилиндрическая модуль 3 Z60. Запасная часть для металлорежущих станков. Подбор и изготовление по техзаданию.,"Шестерня цилиндрическая модуль 3 Z60, Шестерни, запчасти для станков, комплектующие",10312,руб,шт.,в наличии,опт и розница,Шестерни,https://static.tildacdn.com/tild3235-6334-4536-b430-656238613562/image.jpg,RSS-0029,ТД РУССтанкоСбыт,Россия,Описание,
30,Шестерня цилиндрическая модуль 3 Z65,Шестерня цилиндрическая модуль 3 Z65. Запасная часть для металлорежущих станков. Подбор и изготовление по техзаданию.,"Шестерня цилиндрическая модуль 3 Z65, Шестерни, запчасти для станков, комплектующие",10312,руб,шт.,в наличии,опт и розница,Шестерни,https://static.tildacdn.com/tild3235-6334-4536-b430-656238613562/image.jpg,RSS-0030,ТД РУССтанкоСбыт,Россия,Описание,
31,Шестерня цилиндрическая модуль 4 Z20,Шестерня цилиндрическая модуль 4 Z20. Запасная часть для металлорежущих станков. Подбор и изготовление по техзаданию.,"Шестерня цилиндрическая модуль 4 Z20, Шестерни, запчасти для станков, комплектующие",14688,руб,шт.,в наличии,опт и розница,Шестерни,https://static.tildacdn.com/tild3235-6334-4536-b430-656238613562/image.jpg,RSS-0031,ТД РУССтанкоСбыт,Россия,Описание,
32,Шестерня цилиндрическая модуль 4 Z25,Шестерня цилиндрическая модуль 4 Z25. Запасная часть для металлорежущих станков. Подбор и изготовление по техзаданию.,"Шестерня цилиндрическая модуль 4 Z25, Шестерни, запчасти для станков, комплектующие",14688,руб,шт.,в наличии,опт и розница,Шестерни,https://static.tildacdn.com/tild3235-6334-4536-b430-656238613562/image.jpg,RSS-0032,ТД РУССтанкоСбыт,Россия,Описание,
33,Шестерня цилиндрическая модуль 4 Z30,Шестерня цилиндрическая модуль 4 Z30. Запасная часть для металлорежущих станков. Подбор и изготовление по техзаданию.,"Шестерня цилиндрическая модуль 4 Z30, Шестерни, запчасти для станков, комплектующие",14688,руб,шт.,в наличии,опт и розница,Шестерни,https://static.tildacdn.com/tild3235-6334-4536-b430-656238613562/image.jpg,RSS-0033,ТД РУССтанкоСбыт,Россия,Описание,
34,Шестерня цилиндрическая модуль 4 Z35,Шестерня цилиндрическая модуль 4 Z35. Запасная часть для металлорежущих станков. Подбор и изготовление по техзаданию.,"Шестерня цилиндрическая модуль 4 Z35, Шестерни, запчасти для станков, комплектующие",14688,руб,шт.,в наличии,опт и розница,Шестерни,https://static.tildacdn.com/tild3235-6334-4536-b430-656238613562/image.jpg,RSS-0034,ТД РУССтанкоСбыт,Россия,Описание,
35,Шестерня цилиндрическая модуль 4 Z40,Шестерня цилиндрическая модуль 4 Z40. Запасная часть для металлорежущих станков. Подбор и изготовление по техзаданию.,"Шестерня цилиндрическая модуль 4 Z40, Шестерни, запчасти для станков, комплектующие",14688,руб,шт.,в наличии,опт и розница,Шестерни,https://static.tildacdn.com/tild3235-6334-4536-b430-656238613562/image.jpg,RSS-0035,ТД РУССтанкоСбыт,Россия,Описание,
36,Шестерня цилиндрическая модуль 4 Z45,Шестерня цилиндрическая модуль 4 Z45. Запасная часть для металлорежущих станков. Подбор и изготовление по техзаданию.,"Шестерня цилиндрическая модуль 4 Z45, Шестерни, запчасти для станков, комплектующие",14688,руб,шт.,в наличии,опт и розница,Шестерни,https://static.tildacdn.com/tild3235-6334-4536-b430-656238613562/image.jpg,RSS-0036,ТД РУССтанкоСбыт,Россия,Описание,
37,Шестерня цилиндрическая модуль 4 Z50,Шестерня цилиндрическая модуль 4 Z50. Запасная часть для металлорежущих станков. Подбор и изготовление по техзаданию.,"Шестерня цилиндрическая модуль 4 Z50, Шестерни, запчасти для станков, комплектующие",14688,руб,шт.,в наличии,опт и розница,Шестерни,https://static.tildacdn.com/tild3235-6334-4536-b430-656238613562/image.jpg,RSS-0037,ТД РУССтанкоСбыт,Россия,Описание,
38,Шестерня цилиндрическая модуль 4 Z55,Шестерня цилиндрическая модуль 4 Z55. Запасная часть для металлорежущих станков. Подбор и изготовление по техзаданию.,"Шестерня цилиндрическая модуль 4 Z55, Шестерни, запчасти для станков, комплектующие",14688,руб,шт.,в наличии,опт и розница,Шестерни,https://static.tildacdn.com/tild3235-6334-4536-b430-656238613562/image.jpg,RSS-0038,ТД РУССтанкоСбыт,Россия,Описание,
39,Шестерня цилиндрическая модуль 4 Z60,Шестерня цилиндрическая модуль 4 Z60. Запасная часть для металлорежущих станков. Подбор и изготовление по техзаданию.,"Шестерня цилиндрическая модуль 4 Z60, Шестерни, запчасти для станков, комплектующие",14688,руб,шт.,в наличии,опт и розница,Шестерни,https://static.tildacdn.com/tild3235-6334-4536-b430-656238613562/image.jpg,RSS-0039,ТД РУССтанкоСбыт,Россия,Описание,
40,Шестерня цилиндрическая модуль 4 Z65,Шестерня цилиндрическая модуль 4 Z65. Запасная часть для металлорежущих станков. Подбор и изготовление по техзаданию.,"Шестерня цилиндрическая модуль 4 Z65, Шестерни, запчасти для станков, комплектующие",14688,руб,шт.,в наличии,опт и розница,Шестерни,https://static.tildacdn.com/tild3235-6334-4536-b430-656238613562/image.jpg,RSS-0040,ТД РУССтанкоСбыт,Россия,Описание,
41,Шестерня цилиндрическая модуль 5 Z20,Шестерня цилиндрическая модуль 5 Z20. Запасная часть для металлорежущих станков. Подбор и изготовление по техзаданию.,"Шестерня цилиндрическая модуль 5 Z20, Шестерни, запчасти для станков, комплектующие",17812,руб,шт.,в наличии,опт и розница,Шестерни,https://static.tildacdn.com/tild3235-6334-4536-b430-656238613562/image.jpg,RSS-0041,ТД РУССтанкоСбыт,Россия,Описание,
42,Шестерня цилиндрическая модуль 5 Z25,Шестерня цилиндрическая модуль 5 Z25. Запасная часть для металлорежущих станков. Подбор и изготовление по техзаданию.,"Шестерня цилиндрическая модуль 5 Z25, Шестерни, запчасти для станков, комплектующие",17812,руб,шт.,в наличии,опт и розница,Шестерни,https://static.tildacdn.com/tild3235-6334-4536-b430-656238613562/image.jpg,RSS-0042,ТД РУССтанкоСбыт,Россия,Описание,
43,Шестерня цилиндрическая модуль 5 Z30,Шестерня цилиндрическая модуль 5 Z30. Запасная часть для металлорежущих станков. Подбор и изготовление по техзаданию.,"Шестерня цилиндрическая модуль 5 Z30, Шестерни, запчасти для станков, комплектующие",17812,руб,шт.,в наличии,опт и розница,Шестерни,https://static.tildacdn.com/tild3235-6334-4536-b430-656238613562/image.jpg,RSS-0043,ТД РУССтанкоСбыт,Россия,Описание,
44,Шестерня цилиндрическая модуль 5 Z35,Шестерня цилиндрическая модуль 5 Z35. Запасная часть для металлорежущих станков. Подбор и изготовление по техзаданию.,"Шестерня цилиндрическая модуль 5 Z35, Шестерни, запчасти для станков, комплектующие",17812,руб,шт.,в наличии,опт и розница,Шестерни,https://static.tildacdn.com/tild3235-6334-4536-b430-656238613562/image.jpg,RSS-0044,ТД РУССтанкоСбыт,Россия,Описание,
45,Шестерня цилиндрическая модуль 5 Z40,Шестерня цилиндрическая модуль 5 Z40. Запасная часть для металлорежущих станков. Подбор и изготовление по техзаданию.,"Шестерня цилиндрическая модуль 5 Z40, Шестерни, запчасти для станков, комплектующие",17812,руб,шт.,в наличии,опт и розница,Шестерни,https://static.tildacdn.com/tild3235-6334-4536-b430-656238613562/image.jpg,RSS-0045,ТД РУССтанкоСбыт,Россия,Описание,
46,Шестерня цилиндрическая модуль 5 Z45,Шестерня цилиндрическая модуль 5 Z45. Запасная часть для металлорежущих станков. Подбор и изготовление по техзаданию.,"Шестерня цилиндрическая модуль 5 Z45, Шестерни, запчасти для станков, комплектующие",17812,руб,шт.,в наличии,опт и розница,Шестерни,https://static.tildacdn.com/tild3235-6334-4536-b430-656238613562/image.jpg,RSS-0046,ТД РУССтанкоСбыт,Россия,Описание,
47,Шестерня цилиндрическая модуль 5 Z50,Шестерня цилиндрическая модуль 5 Z50. Запасная часть для металлорежущих станков. Подбор и изготовление по техзаданию.,"Шестерня цилиндрическая модуль 5 Z50, Шестерни, запчасти для станков, комплектующие",17812,руб,шт.,в наличии,опт и розница,Шестерни,https://static.tildacdn.com/tild3235-6334-4536-b430-656238613562/image.jpg,RSS-0047,ТД РУССтанкоСбыт,Россия,Описание,
48,Шестерня цилиндрическая модуль 5 Z55,Шестерня цилиндрическая модуль 5 Z55. Запасная часть для металлорежущих станков. Подбор и изготовление по техзаданию.,"Шестерня цилиндрическая модуль 5 Z55, Шестерни, запчасти для станков, комплектующие",17812,руб,шт.,в наличии,опт и розница,Шестерни,https://static.tildacdn.com/tild3235-6334-4536-b430-656238613562/image.jpg,RSS-0048,ТД РУССтанкоСбыт,Россия,Описание,
49,Шестерня цилиндрическая модуль 5 Z60,Шестерня цилиндрическая модуль 5 Z60. Запасная часть для металлорежущих станков. Подбор и изготовление по техзаданию.,"Шестерня цилиндрическая модуль 5 Z60, Шестерни, запчасти для станков, комплектующие",17812,руб,шт.,в наличии,опт и розница,Шестерни,https://static.tildacdn.com/tild3235-6334-4536-b430-656238613562/image.jpg,RSS-0049,ТД РУССтанкоСбыт,Россия,Описание,
50,Шестерня цилиндрическая модуль 5 Z65,Шестерня цилиндрическая модуль 5 Z65. Запасная часть для металлорежущих станков. Подбор и изготовление по техзаданию.,"Шестерня цилиндрическая модуль 5 Z65, Шестерни, запчасти для станков, комплектующие",17812,руб,шт.,в наличии,опт и розница,Шестерни,https://static.tildacdn.com/tild3235-6334-4536-b430-656238613562/image.jpg,RSS-0050,ТД РУССтанкоСбыт,Россия,Описание,
51,Шестерня цилиндрическая модуль 6 Z20,Шестерня цилиндрическая модуль 6 Z20. Запасная часть для металлорежущих станков. Подбор и изготовление по техзаданию.,"Шестерня цилиндрическая модуль 6 Z20, Шестерни, запчасти для станков, комплектующие",21250,руб,шт.,в наличии,опт и розница,Шестерни,https://static.tildacdn.com/tild3235-6334-4536-b430-656238613562/image.jpg,RSS-0051,ТД РУССтанкоСбыт,Россия,Описание,
52,Шестерня цилиндрическая модуль 6 Z25,Шестерня цилиндрическая модуль 6 Z25. Запасная часть для металлорежущих станков. Подбор и изготовление по техзаданию.,"Шестерня цилиндрическая модуль 6 Z25, Шестерни, запчасти для станков, комплектующие",21250,руб,шт.,в наличии,опт и розница,Шестерни,https://static.tildacdn.com/tild3235-6334-4536-b430-656238613562/image.jpg,RSS-0052,ТД РУССтанкоСбыт,Россия,Описание,
53,Шестерня цилиндрическая модуль 6 Z30,Шестерня цилиндрическая модуль 6 Z30. Запасная часть для металлорежущих станков. Подбор и изготовление по техзаданию.,"Шестерня цилиндрическая модуль 6 Z30, Шестерни, запчасти для станков, комплектующие",21250,руб,шт.,в наличии,опт и розница,Шестерни,https://static.tildacdn.com/tild3235-6334-4536-b430-656238613562/image.jpg,RSS-0053,ТД РУССтанкоСбыт,Россия,Описание,
54,Шестерня цилиндрическая модуль 6 Z35,Шестерня цилиндрическая модуль 6 Z35. Запасная часть для металлорежущих станков. Подбор и изготовление по техзаданию.,"Шестерня цилиндрическая модуль 6 Z35, Шестерни, запчасти для станков, комплектующие",21250,руб,шт.,в наличии,опт и розница,Шестерни,https://static.tildacdn.com/tild3235-6334-4536-b430-656238613562/image.jpg,RSS-0054,ТД РУССтанкоСбыт,Россия,Описание,
55,Шестерня цилиндрическая модуль 6 Z40,Шестерня цилиндрическая модуль 6 Z40. Запасная часть для металлорежущих станков. Подбор и изготовление по техзаданию.,"Шестерня цилиндрическая модуль 6 Z40, Шестерни, запчасти для станков, комплектующие",21250,руб,шт.,в наличии,опт и розница,Шестерни,https://static.tildacdn.com/tild3235-6334-4536-b430-656238613562/image.jpg,RSS-0055,ТД РУССтанкоСбыт,Россия,Описание,
56,Шестерня цилиндрическая модуль 6 Z45,Шестерня цилиндрическая модуль 6 Z45. Запасная часть для металлорежущих станков. Подбор и изготовление по техзаданию.,"Шестерня цилиндрическая модуль 6 Z45, Шестерни, запчасти для станков, комплектующие",21250,руб,шт.,в наличии,опт и розница,Шестерни,https://static.tildacdn.com/tild3235-6334-4536-b430-656238613562/image.jpg,RSS-0056,ТД РУССтанкоСбыт,Россия,Описание,
57,Шестерня цилиндрическая модуль 6 Z50,Шестерня цилиндрическая модуль 6 Z50. Запасная часть для металлорежущих станков. Подбор и изготовление по техзаданию.,"Шестерня цилиндрическая модуль 6 Z50, Шестерни, запчасти для станков, комплектующие",21250,руб,шт.,в наличии,опт и розница,Шестерни,https://static.tildacdn.com/tild3235-6334-4536-b430-656238613562/image.jpg,RSS-0057,ТД РУССтанкоСбыт,Россия,Описание,
58,Шестерня цилиндрическая модуль 6 Z55,Шестерня цилиндрическая модуль 6 Z55. Запасная часть для металлорежущих станков. Подбор и изготовление по техзаданию.,"Шестерня цилиндрическая модуль 6 Z55, Шестерни, запчасти для станков, комплектующие",21250,руб,шт.,в наличии,опт и розница,Шестерни,https://static.tildacdn.com/tild3235-6334-4536-b430-656238613562/image.jpg,RSS-0058,ТД РУССтанкоСбыт,Россия,Описание,
59,Шестерня цилиндрическая модуль 6 Z60,Шестерня цилиндрическая модуль 6 Z60. Запасная часть для металлорежущих станков. Подбор и изготовление по техзаданию.,"Шестерня цилиндрическая модуль 6 Z60, Шестерни, запчасти для станков, комплектующие",21250,руб,шт.,в наличии,опт и розница,Шестерни,https://static.tildacdn.com/tild3235-6334-4536-b430-656238613562/image.jpg,RSS-0059,ТД РУССтанкоСбыт,Россия,Описание,
60,Шестерня цилиндрическая модуль 6 Z65,Шестерня цилиндрическая модуль 6 Z65. Запасная часть для металлорежущих станков. Подбор и изготовление по техзаданию.,"Шестерня цилиндрическая модуль 6 Z65, Шестерни, запчасти для станков, комплектующие",21250,руб,шт.,в наличии,опт и розница,Шестерни,https://static.tildacdn.com/tild3235-6334-4536-b430-656238613562/image.jpg,RSS-0060,ТД РУССтанкоСбыт,Россия,Описание,
61,Шестерня цилиндрическая модуль 8 Z20,Шестерня цилиндрическая модуль 8 Z20. Запасная часть для металлорежущих станков. Подбор и изготовление по техзаданию.,"Шестерня цилиндрическая модуль 8 Z20, Шестерни, запчасти для станков, комплектующие",27500,руб,шт.,в наличии,опт и розница,Шестерни,https://static.tildacdn.com/tild3235-6334-4536-b430-656238613562/image.jpg,RSS-0061,ТД РУССтанкоСбыт,Россия,Описание,
62,Шестерня цилиндрическая модуль 8 Z25,Шестерня цилиндрическая модуль 8 Z25. Запасная часть для металлорежущих станков. Подбор и изготовление по техзаданию.,"Шестерня цилиндрическая модуль 8 Z25, Шестерни, запчасти для станков, комплектующие",27500,руб,шт.,в наличии,опт и розница,Шестерни,https://static.tildacdn.com/tild3235-6334-4536-b430-656238613562/image.jpg,RSS-0062,ТД РУССтанкоСбыт,Россия,Описание,
63,Шестерня цилиндрическая модуль 8 Z30,Шестерня цилиндрическая модуль 8 Z30. Запасная часть для металлорежущих станков. Подбор и изготовление по техзаданию.,"Шестерня цилиндрическая модуль 8 Z30, Шестерни, запчасти для станков, комплектующие",27500,руб,шт.,в наличии,опт и розница,Шестерни,https://static.tildacdn.com/tild3235-6334-4536-b430-656238613562/image.jpg,RSS-0063,ТД РУССтанкоСбыт,Россия,Описание,
64,Шестерня цилиндрическая модуль 8 Z35,Шестерня цилиндрическая модуль 8 Z35. Запасная часть для металлорежущих станков. Подбор и изготовление по техзаданию.,"Шестерня цилиндрическая модуль 8 Z35, Шестерни, запчасти для станков, комплектующие",27500,руб,шт.,в наличии,опт и розница,Шестерни,https://static.tildacdn.com/tild3235-6334-4536-b430-656238613562/image.jpg,RSS-0064,ТД РУССтанкоСбыт,Россия,Описание,
65,Шестерня цилиндрическая модуль 8 Z40,Шестерня цилиндрическая модуль 8 Z40. Запасная часть для металлорежущих станков. Подбор и изготовление по техзаданию.,"Шестерня цилиндрическая модуль 8 Z40, Шестерни, запчасти для станков, комплектующие",27500,руб,шт.,в наличии,опт и розница,Шестерни,https://static.tildacdn.com/tild3235-6334-4536-b430-656238613562/image.jpg,RSS-0065,ТД РУССтанкоСбыт,Россия,Описание,
66,Шестерня цилиндрическая модуль 8 Z45,Шестерня цилиндрическая модуль 8 Z45. Запасная часть для металлорежущих станков. Подбор и изготовление по техзаданию.,"Шестерня цилиндрическая модуль 8 Z45, Шестерни, запчасти для станков, комплектующие",27500,руб,шт.,в наличии,опт и розница,Шестерни,https://static.tildacdn.com/tild3235-6334-4536-b430-656238613562/image.jpg,RSS-0066,ТД РУССтанкоСбыт,Россия,Описание,
67,Шестерня цилиндрическая модуль 8 Z50,Шестерня цилиндрическая модуль 8 Z50. Запасная часть для металлорежущих станков. Подбор и изготовление по техзаданию.,"Шестерня цилиндрическая модуль 8 Z50, Шестерни, запчасти для станков, комплектующие",27500,руб,шт.,в наличии,опт и розница,Шестерни,https://static.tildacdn.com/tild3235-6334-4536-b430-656238613562/image.jpg,RSS-0067,ТД РУССтанкоСбыт,Россия,Описание,
68,Шестерня цилиндрическая модуль 8 Z55,Шестерня цилиндрическая модуль 8 Z55. Запасная часть для металлорежущих станков. Подбор и изготовление по техзаданию.,"Шестерня цилиндрическая модуль 8 Z55, Шестерни, запчасти для станков, комплектующие",27500,руб,шт.,в наличии,опт и розница,Шестерни,https://static.tildacdn.com/tild3235-6334-4536-b430-656238613562/image.jpg,RSS-0068,ТД РУССтанкоСбыт,Россия,Описание,
69,Шестерня цилиндрическая модуль 8 Z60,Шестерня цилиндрическая модуль 8 Z60. Запасная часть для металлорежущих станков. Подбор и изготовление по техзаданию.,"Шестерня цилиндрическая модуль 8 Z60, Шестерни, запчасти для станков, комплектующие",27500,руб,шт.,в наличии,опт и розница,Шестерни,https://static.tildacdn.com/tild3235-6334-4536-b430-656238613562/image.jpg,RSS-0069,ТД РУССтанкоСбыт,Россия,Описание,
70,Шестерня цилиндрическая модуль 8 Z65,Шестерня цилиндрическая модуль 8 Z65. Запасная часть для металлорежущих станков. Подбор и изготовление по техзаданию.,"Шестерня цилиндрическая модуль 8 Z65, Шестерни, запчасти для станков, комплектующие",27500,руб,шт.,в наличии,опт и розница,Шестерни,https://static.tildacdn.com/tild3235-6334-4536-b430-656238613562/image.jpg,RSS-0070,ТД РУССтанкоСбыт,Россия,Описание,
71,Патрон токарный 3-кулачковый ф200 мм,Патрон токарный 3-кулачковый ф200 мм. Запасная часть для металлорежущих станков. Подбор и изготовление по техзаданию.,"Патрон токарный 3-кулачковый ф200 мм, Патроны токарные, запчасти для станков, комплектующие",43750,руб,шт.,в наличии,опт и розница,Патроны,https://static.tildacdn.com/tild3235-6334-4536-b430-656238613562/image.jpg,RSS-0071,ТД РУССтанкоСбыт,Россия,Описание,
72,Патрон токарный 4-кулачковый ф200 мм,Патрон токарный 4-кулачковый ф200 мм. Запасная часть для металлорежущих станков. Подбор и изготовление по техзаданию.,"Патрон токарный 4-кулачковый ф200 мм, Патроны токарные, запчасти для станков, комплектующие",43750,руб,шт.,в наличии,опт и розница,Патроны,https://static.tildacdn.com/tild3235-6334-4536-b430-656238613562/image.jpg,RSS-0072,ТД РУССтанкоСбыт,Россия,Описание,
73,Кулачки прямые для патрона ф200 мм (комплект),Кулачки прямые для патрона ф200 мм (комплект). Запасная часть для металлорежущих станков. Подбор и изготовление по техзаданию.,"Кулачки прямые для патрона ф200 мм (комплект), Кулачки, запчасти для станков, комплектующие",55000,руб,шт.,в наличии,опт и розница,Кулачки,https://static.tildacdn.com/tild3235-6334-4536-b430-656238613562/image.jpg,RSS-0073,ТД РУССтанкоСбыт,Россия,Описание,
74,Кулачки обратные для патрона ф200 мм (комплект),Кулачки обратные для патрона ф200 мм (комплект). Запасная часть для металлорежущих станков. Подбор и изготовление по техзаданию.,"Кулачки обратные для патрона ф200 мм (комплект), Кулачки, запчасти для станков, комплектующие",55000,руб,шт.,в наличии,опт и розница,Кулачки,https://static.tildacdn.com/tild3235-6334-4536-b430-656238613562/image.jpg,RSS-0074,ТД РУССтанкоСбыт,Россия,Описание,
75,Патрон токарный 3-кулачковый ф250 мм,Патрон токарный 3-кулачковый ф250 мм. Запасная часть для металлорежущих станков. Подбор и изготовление по техзаданию.,"Патрон токарный 3-кулачковый ф250 мм, Патроны токарные, запчасти для станков, комплектующие",53125,руб,шт.,в наличии,опт и розница,Патроны,https://static.tildacdn.com/tild3235-6334-4536-b430-656238613562/image.jpg,RSS-0075,ТД РУССтанкоСбыт,Россия,Описание,
76,Патрон токарный 4-кулачковый ф250 мм,Патрон токарный 4-кулачковый ф250 мм. Запасная часть для металлорежущих станков. Подбор и изготовление по техзаданию.,"Патрон токарный 4-кулачковый ф250 мм, Патроны токарные, запчасти для станков, комплектующие",53125,руб,шт.,в наличии,опт и розница,Патроны,https://static.tildacdn.com/tild3235-6334-4536-b430-656238613562/image.jpg,RSS-0076,ТД РУССтанкоСбыт,Россия,Описание,
77,Кулачки прямые для патрона ф250 мм (комплект),Кулачки прямые для патрона ф250 мм (комплект). Запасная часть для металлорежущих станков. Подбор и изготовление по техзаданию.,"Кулачки прямые для патрона ф250 мм (комплект), Кулачки, запчасти для станков, комплектующие",55000,руб,шт.,в наличии,опт и розница,Кулачки,https://static.tildacdn.com/tild3235-6334-4536-b430-656238613562/image.jpg,RSS-0077,ТД РУССтанкоСбыт,Россия,Описание,
78,Кулачки обратные для патрона ф250 мм (комплект),Кулачки обратные для патрона ф250 мм (комплект). Запасная часть для металлорежущих станков. Подбор и изготовление по техзаданию.,"Кулачки обратные для патрона ф250 мм (комплект), Кулачки, запчасти для станков, комплектующие",55000,руб,шт.,в наличии,опт и розница,Кулачки,https://static.tildacdn.com/tild3235-6334-4536-b430-656238613562/image.jpg,RSS-0078,ТД РУССтанкоСбыт,Россия,Описание,
79,Патрон токарный 3-кулачковый ф315 мм,Патрон токарный 3-кулачковый ф315 мм. Запасная часть для металлорежущих станков. Подбор и изготовление по техзаданию.,"Патрон токарный 3-кулачковый ф315 мм, Патроны токарные, запчасти для станков, комплектующие",68750,руб,шт.,в наличии,опт и розница,Патроны,https://static.tildacdn.com/tild3235-6334-4536-b430-656238613562/image.jpg,RSS-0079,ТД РУССтанкоСбыт,Россия,Описание,
80,Патрон токарный 4-кулачковый ф315 мм,Патрон токарный 4-кулачковый ф315 мм. Запасная часть для металлорежущих станков. Подбор и изготовление по техзаданию.,"Патрон токарный 4-кулачковый ф315 мм, Патроны токарные, запчасти для станков, комплектующие",68750,руб,шт.,в наличии,опт и розница,Патроны,https://static.tildacdn.com/tild3235-6334-4536-b430-656238613562/image.jpg,RSS-0080,ТД РУССтанкоСбыт,Россия,Описание,
81,Кулачки прямые для патрона ф315 мм (комплект),Кулачки прямые для патрона ф315 мм (комплект). Запасная часть для металлорежущих станков. Подбор и изготовление по техзаданию.,"Кулачки прямые для патрона ф315 мм (комплект), Кулачки, запчасти для станков, комплектующие",55000,руб,шт.,в наличии,опт и розница,Кулачки,https://static.tildacdn.com/tild3235-6334-4536-b430-656238613562/image.jpg,RSS-0081,ТД РУССтанкоСбыт,Россия,Описание,
82,Кулачки обратные для патрона ф315 мм (комплект),Кулачки обратные для патрона ф315 мм (комплект). Запасная часть для металлорежущих станков. Подбор и изготовление по техзаданию.,"Кулачки обратные для патрона ф315 мм (комплект), Кулачки, запчасти для станков, комплектующие",55000,руб,шт.,в наличии,опт и розница,Кулачки,https://static.tildacdn.com/tild3235-6334-4536-b430-656238613562/image.jpg,RSS-0082,ТД РУССтанкоСбыт,Россия,Описание,
83,Патрон токарный 3-кулачковый ф400 мм,Патрон токарный 3-кулачковый ф400 мм. Запасная часть для металлорежущих станков. Подбор и изготовление по техзаданию.,"Патрон токарный 3-кулачковый ф400 мм, Патроны токарные, запчасти для станков, комплектующие",95000,руб,шт.,в наличии,опт и розница,Патроны,https://static.tildacdn.com/tild3235-6334-4536-b430-656238613562/image.jpg,RSS-0083,ТД РУССтанкоСбыт,Россия,Описание,
84,Патрон токарный 4-кулачковый ф400 мм,Патрон токарный 4-кулачковый ф400 мм. Запасная часть для металлорежущих станков. Подбор и изготовление по техзаданию.,"Патрон токарный 4-кулачковый ф400 мм, Патроны токарные, запчасти для станков, комплектующие",95000,руб,шт.,в наличии,опт и розница,Патроны,https://static.tildacdn.com/tild3235-6334-4536-b430-656238613562/image.jpg,RSS-0084,ТД РУССтанкоСбыт,Россия,Описание,
85,Кулачки прямые для патрона ф400 мм (комплект),Кулачки прямые для патрона ф400 мм (комплект). Запасная часть для металлорежущих станков. Подбор и изготовление по техзаданию.,"Кулачки прямые для патрона ф400 мм (комплект), Кулачки, запчасти для станков, комплектующие",55000,руб,шт.,в наличии,опт и розница,Кулачки,https://static.tildacdn.com/tild3235-6334-4536-b430-656238613562/image.jpg,RSS-0085,ТД РУССтанкоСбыт,Россия,Описание,
86,Кулачки обратные для патрона ф400 мм (комплект),Кулачки обратные для патрона ф400 мм (комплект). Запасная часть для металлорежущих станков. Подбор и изготовление по техзаданию.,"Кулачки обратные для патрона ф400 мм (комплект), Кулачки, запчасти для станков, комплектующие",55000,руб,шт.,в наличии,опт и розница,Кулачки,https://static.tildacdn.com/tild3235-6334-4536-b430-656238613562/image.jpg,RSS-0086,ТД РУССтанкоСбыт,Россия,Описание,
87,Патрон токарный 3-кулачковый ф500 мм,Патрон токарный 3-кулачковый ф500 мм. Запасная часть для металлорежущих станков. Подбор и изготовление по техзаданию.,"Патрон токарный 3-кулачковый ф500 мм, Патроны токарные, запчасти для станков, комплектующие",125000,руб,шт.,в наличии,опт и розница,Патроны,https://static.tildacdn.com/tild3235-6334-4536-b430-656238613562/image.jpg,RSS-0087,ТД РУССтанкоСбыт,Россия,Описание,
88,Патрон токарный 4-кулачковый ф500 мм,Патрон токарный 4-кулачковый ф500 мм. Запасная часть для металлорежущих станков. Подбор и изготовление по техзаданию.,"Патрон токарный 4-кулачковый ф500 мм, Патроны токарные, запчасти для станков, комплектующие",125000,руб,шт.,в наличии,опт и розница,Патроны,https://static.tildacdn.com/tild3235-6334-4536-b430-656238613562/image.jpg,RSS-0088,ТД РУССтанкоСбыт,Россия,Описание,
89,Кулачки прямые для патрона ф500 мм (комплект),Кулачки прямые для патрона ф500 мм (комплект). Запасная часть для металлорежущих станков. Подбор и изготовление по техзаданию.,"Кулачки прямые для патрона ф500 мм (комплект), Кулачки, запчасти для станков, комплектующие",55000,руб,шт.,в наличии,опт и розница,Кулачки,https://static.tildacdn.com/tild3235-6334-4536-b430-656238613562/image.jpg,RSS-0089,ТД РУССтанкоСбыт,Россия,Описание,
90,Кулачки обратные для патрона ф500 мм (комплект),Кулачки обратные для патрона ф500 мм (комплект). Запасная часть для металлорежущих станков. Подбор и изготовление по техзаданию.,"Кулачки обратные для патрона ф500 мм (комплект), Кулачки, запчасти для станков, комплектующие",55000,руб,шт.,в наличии,опт и розница,Кулачки,https://static.tildacdn.com/tild3235-6334-4536-b430-656238613562/image.jpg,RSS-0090,ТД РУССтанкоСбыт,Россия,Описание,
91,Винт ходовой трапецеидальный 32x6,Винт ходовой трапецеидальный 32x6. Запасная часть для металлорежущих станков. Подбор и изготовление по техзаданию.,"Винт ходовой трапецеидальный 32x6, Винты ходовые, запчасти для станков, комплектующие",62500,руб,шт.,в наличии,опт и розница,Винты,https://static.tildacdn.com/tild3235-6334-4536-b430-656238613562/image.jpg,RSS-0091,ТД РУССтанкоСбыт,Россия,Описание,
93,Винт ходовой трапецеидальный 44x8,Винт ходовой трапецеидальный 44x8. Запасная часть для металлорежущих станков. Подбор и изготовление по техзаданию.,"Винт ходовой трапецеидальный 44x8, Винты ходовые, запчасти для станков, комплектующие",93750,руб,шт.,в наличии,опт и розница,Винты,https://static.tildacdn.com/tild3235-6334-4536-b430-656238613562/image.jpg,RSS-0093,ТД РУССтанкоСбыт,Россия,Описание,
95,Винт ходовой трапецеидальный 48x12,Винт ходовой трапецеидальный 48x12. Запасная часть для металлорежущих станков. Подбор и изготовление по техзаданию.,"Винт ходовой трапецеидальный 48x12, Винты ходовые, запчасти для станков, комплектующие",115312,руб,шт.,в наличии,опт и розница,Винты,https://static.tildacdn.com/tild3235-6334-4536-b430-656238613562/image.jpg,RSS-0095,ТД РУССтанкоСбыт,Россия,Описание,
97,Винт ходовой трапецеидальный 90x24,Винт ходовой трапецеидальный 90x24. Запасная часть для металлорежущих станков. Подбор и изготовление по техзаданию.,"Винт ходовой трапецеидальный 90x24, Винты ходовые, запчасти для станков, комплектующие",153125,руб,шт.,в наличии,опт и розница,Винты,https://static.tildacdn.com/tild3235-6334-4536-b430-656238613562/image.jpg,RSS-0097,ТД РУССтанкоСбыт,Россия,Описание,
99,Диски фрикционные (комплект),Диски фрикционные (комплект). Запасная часть для металлорежущих станков. Подбор и изготовление по техзаданию.,"Диски фрикционные (комплект), Диски фрикционные, запчасти для станков, комплектующие",15625,руб,шт.,в наличии,опт и розница,Диски,https://static.tildacdn.com/tild3235-6334-4536-b430-656238613562/image.jpg,RSS-0099,ТД РУССтанкоСбыт,Россия,Описание,
100,Гайка маточная ходового винта (разрезная),Гайка маточная ходового винта (разрезная). Запасная часть для металлорежущих станков. Подбор и изготовление по техзаданию.,"Гайка маточная ходового винта (разрезная), Гайки маточные, запчасти для станков, комплектующие",18750,руб,шт.,в наличии,опт и розница,Гайки маточные,https://static.tildacdn.com/tild3235-6334-4536-b430-656238613562/image.jpg,RSS-0100,ТД РУССтанкоСбыт,Россия,Описание,
101,Насос масляный,Насос масляный. Запасная часть для металлорежущих станков. Подбор и изготовление по техзаданию.,"Насос масляный, Насосы, запчасти для станков, комплектующие",18750,руб,шт.,в наличии,опт и розница,Насосы,https://static.tildacdn.com/tild3235-6334-4536-b430-656238613562/image.jpg,RSS-0101,ТД РУССтанкоСбыт,Россия,Описание,
102,Шкив главного привода,Шкив главного привода. Запасная часть для металлорежущих станков. Подбор и изготовление по техзаданию.,"Шкив главного привода, Шкивы, запчасти для станков, комплектующие",23750,руб,шт.,в наличии,опт и розница,Шкивы,https://static.tildacdn.com/tild3235-6334-4536-b430-656238613562/image.jpg,RSS-0102,ТД РУССтанкоСбыт,Россия,Описание,
104,Электромагнитная муфта (ЭТМ),Электромагнитная муфта (ЭТМ). Запасная часть для металлорежущих станков. Подбор и изготовление по техзаданию.,"Электромагнитная муфта (ЭТМ), Муфты, запчасти для станков, комплектующие",20625,руб,шт.,в наличии,опт и розница,Муфты,https://static.tildacdn.com/tild3235-6334-4536-b430-656238613562/image.jpg,RSS-0104,ТД РУССтанкоСбыт,Россия,Описание,
106,Ограждение патрона,Ограждение патрона. Запасная часть для металлорежущих станков. Подбор и изготовление по техзаданию.,"Ограждение патрона, Ограждения, запчасти для станков, комплектующие",15625,руб,шт.,в наличии,опт и розница,Ограждения,https://static.tildacdn.com/tild3235-6334-4536-b430-656238613562/image.jpg,RSS-0106,ТД РУССтанкоСбыт,Россия,Описание,
92,Гайка к винту 32x6 (комплект),Гайка к винту 32x6 (комплект). Запасная часть для металлорежущих станков. Подбор и изготовление по техзаданию.,"Гайка к винту 32x6 (комплект), Гайки, запчасти для станков, комплектующие",20625,руб,шт.,В наличии,Опт и розница,Гайки,https://static.tildacdn.com/tild3235-6334-4536-b430-656238613562/image.jpg,RSS-0092,ТД РУССтанкоСбыт,Россия,,Перед заказом уточните параметры (размеры/модуль/посадку) по техзаданию.
94,Гайка к винту 44x8 (комплект),Гайка к винту 44x8 (комплект). Запасная часть для металлорежущих станков. Подбор и изготовление по техзаданию.,"Гайка к винту 44x8 (комплект), Гайки, запчасти для станков, комплектующие",20625,руб,шт.,В наличии,Опт и розница,Гайки,https://static.tildacdn.com/tild3235-6334-4536-b430-656238613562/image.jpg,RSS-0094,ТД РУССтанкоСбыт,Россия,,Перед заказом уточните параметры (размеры/модуль/посадку) по техзаданию.
96,Гайка к винту 48x12 (комплект),Гайка к винту 48x12 (комплект). Запасная часть для металлорежущих станков. Подбор и изготовление по техзаданию.,"Гайка к винту 48x12 (комплект), Гайки, запчасти для станков, комплектующие",20625,руб,шт.,В наличии,Опт и розница,Гайки,https://static.tildacdn.com/tild3235-6334-4536-b430-656238613562/image.jpg,RSS-0096,ТД РУССтанкоСбыт,Россия,,Перед заказом уточните параметры (размеры/модуль/посадку) по техзаданию.
98,Гайка к винту 90x24 (комплект),Гайка к винту 90x24 (комплект). Запасная часть для металлорежущих станков. Подбор и изготовление по техзаданию.,"Гайка к винту 90x24 (комплект), Гайки, запчасти для станков, комплектующие",20625,руб,шт.,В наличии,Опт и розница,Гайки,https://static.tildacdn.com/tild3235-6334-4536-b430-656238613562/image.jpg,RSS-0098,ТД РУССтанкоСбыт,Россия,,Перед заказом уточните параметры (размеры/модуль/посадку) по техзаданию.
103,Подшипники шпинделя (комплект),Подшипники шпинделя (комплект). Запасная часть для металлорежущих станков. Подбор и изготовление по техзаданию.,"Подшипники шпинделя (комплект), Подшипники, запчасти для станков, комплектующие",59375,руб,шт.,В наличии,Опт и розница,Подшипники,https://static.tildacdn.com/tild3235-6334-4536-b430-656238613562/image.jpg,RSS-0103,ТД РУССтанкоСбыт,Россия,,Перед заказом уточните параметры (размеры/модуль/посадку) по техзаданию.
105,Щетки и щеткодержатели,Щетки и щеткодержатели. Запасная часть для металлорежущих станков. Подбор и изготовление по техзаданию.,"Щетки и щеткодержатели, Электрика, запчасти для станков, комплектующие",6875,руб,шт.,В наличии,Опт и розница,Электрика,https://static.tildacdn.com/tild3235-6334-4536-b430-656238613562/image.jpg,RSS-0105,ТД РУССтанкоСбыт,Россия,,Перед заказом уточните параметры (размеры/модуль/посадку) по техзаданию.
107,Кожух ремней,Кожух ремней. Запасная часть для металлорежущих станков. Подбор и изготовление по техзаданию.,"Кожух ремней, Ограждения, запчасти для станков, комплектующие",8125,руб,шт.,В наличии,Опт и розница,Ограждения,https://static.tildacdn.com/tild3235-6334-4536-b430-656238613562/image.jpg,RSS-0107,ТД РУССтанкоСбыт,Россия,,Перед заказом уточните параметры (размеры/модуль/посадку) по техзаданию.
108,Комплект ЗИП для узла станка №1,Комплект ЗИП для узла станка №1. Запасная часть для металлорежущих станков. Подбор и изготовление по техзаданию.,"Комплект ЗИП для узла станка №1, Комплекты, запчасти для станков, комплектующие",37500,руб,шт.,В наличии,Опт и розница,Комплекты,https://static.tildacdn.com/tild3235-6334-4536-b430-656238613562/image.jpg,RSS-0108,ТД РУССтанкоСбыт,Россия,,Перед заказом уточните параметры (размеры/модуль/посадку) по техзаданию.
109,Комплект ЗИП для узла станка №2,Комплект ЗИП для узла станка №2. Запасная часть для металлорежущих станков. Подбор и изготовление по техзаданию.,"Комплект ЗИП для узла станка №2, Комплекты, запчасти для станков, комплектующие",37500,руб,шт.,В наличии,Опт и розница,Комплекты,https://static.tildacdn.com/tild3235-6334-4536-b430-656238613562/image.jpg,RSS-0109,ТД РУССтанкоСбыт,Россия,,Перед заказом уточните параметры (размеры/модуль/посадку) по техзаданию.
110,Комплект ЗИП для узла станка №3,Комплект ЗИП для узла станка №3. Запасная часть для металлорежущих станков. Подбор и изготовление по техзаданию.,"Комплект ЗИП для узла станка №3, Комплекты, запчасти для станков, комплектующие",37500,руб,шт.,В наличии,Опт и розница,Комплекты,https://static.tildacdn.com/tild3235-6334-4536-b430-656238613562/image.jpg,RSS-0110,ТД РУССтанкоСбыт,Россия,,Перед заказом уточните параметры (размеры/модуль/посадку) по техзаданию.
111,Комплект ЗИП для узла станка №4,Комплект ЗИП для узла станка №4. Запасная часть для металлорежущих станков. Подбор и изготовление по техзаданию.,"Комплект ЗИП для узла станка №4, Комплекты, запчасти для станков, комплектующие",37500,руб,шт.,В наличии,Опт и розница,Комплекты,https://static.tildacdn.com/tild3235-6334-4536-b430-656238613562/image.jpg,RSS-0111,ТД РУССтанкоСбыт,Россия,,Перед заказом уточните параметры (размеры/модуль/посадку) по техзаданию.
112,Комплект ЗИП для узла станка №5,Комплект ЗИП для узла станка №5. Запасная часть для металлорежущих станков. Подбор и изготовление по техзаданию.,"Комплект ЗИП для узла станка №5, Комплекты, запчасти для станков, комплектующие",37500,руб,шт.,В наличии,Опт и розница,Комплекты,https://static.tildacdn.com/tild3235-6334-4536-b430-656238613562/image.jpg,RSS-0112,ТД РУССтанкоСбыт,Россия,,Перед заказом уточните параметры (размеры/модуль/посадку) по техзаданию.
113,Комплект ЗИП для узла станка №6,Комплект ЗИП для узла станка №6. Запасная часть для металлорежущих станков. Подбор и изготовление по техзаданию.,"Комплект ЗИП для узла станка №6, Комплекты, запчасти для станков, комплектующие",37500,руб,шт.,В наличии,Опт и розница,Комплекты,https://static.tildacdn.com/tild3235-6334-4536-b430-656238613562/image.jpg,RSS-0113,ТД РУССтанкоСбыт,Россия,,Перед заказом уточните параметры (размеры/модуль/посадку) по техзаданию.
114,Комплект ЗИП для узла станка №7,Комплект ЗИП для узла станка №7. Запасная часть для металлорежущих станков. Подбор и изготовление по техзаданию.,"Комплект ЗИП для узла станка №7, Комплекты, запчасти для станков, комплектующие",37500,руб,шт.,В наличии,Опт и розница,Комплекты,https://static.tildacdn.com/tild3235-6334-4536-b430-656238613562/image.jpg,RSS-0114,ТД РУССтанкоСбыт,Россия,,Перед заказом уточните параметры (размеры/модуль/посадку) по техзаданию.
115,Комплект ЗИП для узла станка №8,Комплект ЗИП для узла станка №8. Запасная часть для металлорежущих станков. Подбор и изготовление по техзаданию.,"Комплект ЗИП для узла станка №8, Комплекты, запчасти для станков, комплектующие",37500,руб,шт.,В наличии,Опт и розница,Комплекты,https://static.tildacdn.com/tild3235-6334-4536-b430-656238613562/image.jpg,RSS-0115,ТД РУССтанкоСбыт,Россия,,Перед заказом уточните параметры (размеры/модуль/посадку) по техзаданию.
116,Комплект ЗИП для узла станка №9,Комплект ЗИП для узла станка №9. Запасная часть для металлорежущих станков. Подбор и изготовление по техзаданию.,"Комплект ЗИП для узла станка №9, Комплекты, запчасти для станков, комплектующие",37500,руб,шт.,В наличии,Опт и розница,Комплекты,https://static.tildacdn.com/tild3235-6334-4536-b430-656238613562/image.jpg,RSS-0116,ТД РУССтанкоСбыт,Россия,,Перед заказом уточните параметры (размеры/модуль/посадку) по техзаданию.
117,Комплект ЗИП для узла станка №10,Комплект ЗИП для узла станка №10. Запасная часть для металлорежущих станков. Подбор и изготовление по техзаданию.,"Комплект ЗИП для узла станка №10, Комплекты, запчасти для станков, комплектующие",37500,руб,шт.,В наличии,Опт и розница,Комплекты,https://static.tildacdn.com/tild3235-6334-4536-b430-656238613562/image.jpg,RSS-0117,ТД РУССтанкоСбыт,Россия,,Перед заказом уточните параметры (размеры/модуль/посадку) по техзаданию.
118,Комплект ЗИП для узла станка №11,Комплект ЗИП для узла станка №11. Запасная часть для металлорежущих станков. Подбор и изготовление по техзаданию.,"Комплект ЗИП для узла станка №11, Комплекты, запчасти для станков, комплектующие",37500,руб,шт.,В наличии,Опт и розница,Комплекты,https://static.tildacdn.com/tild3235-6334-4536-b430-656238613562/image.jpg,RSS-0118,ТД РУССтанкоСбыт,Россия,,Перед заказом уточните параметры (размеры/модуль/посадку) по техзаданию.
119,Комплект ЗИП для узла станка №12,Комплект ЗИП для узла станка №12. Запасная часть для металлорежущих станков. Подбор и изготовление по техзаданию.,"Комплект ЗИП для узла станка №12, Комплекты, запчасти для станков, комплектующие",37500,руб,шт.,В наличии,Опт и розница,Комплекты,https://static.tildacdn.com/tild3235-6334-4536-b430-656238613562/image.jpg,RSS-0119,ТД РУССтанкоСбыт,Россия,,Перед заказом уточните параметры (размеры/модуль/посадку) по техзаданию.
120,Комплект ЗИП для узла станка №13,Комплект ЗИП для узла станка №13. Запасная часть для металлорежущих станков. Подбор и изготовление по техзаданию.,"Комплект ЗИП для узла станка №13, Комплекты, запчасти для станков, комплектующие",37500,руб,шт.,В наличии,Опт и розница,Комплекты,https://static.tildacdn.com/tild3235-6334-4536-b430-656238613562/image.jpg,RSS-0120,ТД РУССтанкоСбыт,Россия,,Перед заказом уточните параметры (размеры/модуль/посадку) по техзаданию.
121,Комплект ЗИП для узла станка №14,Комплект ЗИП для узла станка №14. Запасная часть для металлорежущих станков. Подбор и изготовление по техзаданию.,"Комплект ЗИП для узла станка №14, Комплекты, запчасти для станков, комплектующие",37500,руб,шт.,В наличии,Опт и розница,Комплекты,https://static.tildacdn.com/tild3235-6334-4536-b430-656238613562/image.jpg,RSS-0121,ТД РУССтанкоСбыт,Россия,,Перед заказом уточните параметры (размеры/модуль/посадку) по техзаданию.
122,Комплект ЗИП для узла станка №15,Комплект ЗИП для узла станка №15. Запасная часть для металлорежущих станков. Подбор и изготовление по техзаданию.,"Комплект ЗИП для узла станка №15, Комплекты, запчасти для станков, комплектующие",37500,руб,шт.,В наличии,Опт и розница,Комплекты,https://static.tildacdn.com/tild3235-6334-4536-b430-656238613562/image.jpg,RSS-0122,ТД РУССтанкоСбыт,Россия,,Перед заказом уточните параметры (размеры/модуль/посадку) по техзаданию.
123,Комплект ЗИП для узла станка №16,Комплект ЗИП для узла станка №16. Запасная часть для металлорежущих станков. Подбор и изготовление по техзаданию.,"Комплект ЗИП для узла станка №16, Комплекты, запчасти для станков, комплектующие",37500,руб,шт.,В наличии,Опт и розница,Комплекты,https://static.tildacdn.com/tild3235-6334-4536-b430-656238613562/image.jpg,RSS-0123,ТД РУССтанкоСбыт,Россия,,Перед заказом уточните параметры (размеры/модуль/посадку) по техзаданию.
124,Комплект ЗИП для узла станка №17,Комплект ЗИП для узла станка №17. Запасная часть для металлорежущих станков. Подбор и изготовление по техзаданию.,"Комплект ЗИП для узла станка №17, Комплекты, запчасти для станков, комплектующие",37500,руб,шт.,В наличии,Опт и розница,Комплекты,https://static.tildacdn.com/tild3235-6334-4536-b430-656238613562/image.jpg,RSS-0124,ТД РУССтанкоСбыт,Россия,,Перед заказом уточните параметры (размеры/модуль/посадку) по техзаданию.
125,Комплект ЗИП для узла станка №18,Комплект ЗИП для узла станка №18. Запасная часть для металлорежущих станков. Подбор и изготовление по техзаданию.,"Комплект ЗИП для узла станка №18, Комплекты, запчасти для станков, комплектующие",37500,руб,шт.,В наличии,Опт и розница,Комплекты,https://static.tildacdn.com/tild3235-6334-4536-b430-656238613562/image.jpg,RSS-0125,ТД РУССтанкоСбыт,Россия,,Перед заказом уточните параметры (размеры/модуль/посадку) по техзаданию.
126,Комплект ЗИП для узла станка №19,Комплект ЗИП для узла станка №19. Запасная часть для металлорежущих станков. Подбор и изготовление по техзаданию.,"Комплект ЗИП для узла станка №19, Комплекты, запчасти для станков, комплектующие",37500,руб,шт.,В наличии,Опт и розница,Комплекты,https://static.tildacdn.com/tild3235-6334-4536-b430-656238613562/image.jpg,RSS-0126,ТД РУССтанкоСбыт,Россия,,Перед заказом уточните параметры (размеры/модуль/посадку) по техзаданию.
127,Комплект ЗИП для узла станка №20,Комплект ЗИП для узла станка №20. Запасная часть для металлорежущих станков. Подбор и изготовление по техзаданию.,"Комплект ЗИП для узла станка №20, Комплекты, запчасти для станков, комплектующие",37500,руб,шт.,В наличии,Опт и розница,Комплекты,https://static.tildacdn.com/tild3235-6334-4536-b430-656238613562/image.jpg,RSS-0127,ТД РУССтанкоСбыт,Россия,,Перед заказом уточните параметры (размеры/модуль/посадку) по техзаданию.
128,Комплект ЗИП для узла станка №21,Комплект ЗИП для узла станка №21. Запасная часть для металлорежущих станков. Подбор и изготовление по техзаданию.,"Комплект ЗИП для узла станка №21, Комплекты, запчасти для станков, комплектующие",37500,руб,шт.,В наличии,Опт и розница,Комплекты,https://static.tildacdn.com/tild3235-6334-4536-b430-656238613562/image.jpg,RSS-0128,ТД РУССтанкоСбыт,Россия,,Перед заказом уточните параметры (размеры/модуль/посадку) по техзаданию.
129,Комплект ЗИП для узла станка №22,Комплект ЗИП для узла станка №22. Запасная часть для металлорежущих станков. Подбор и изготовление по техзаданию.,"Комплект ЗИП для узла станка №22, Комплекты, запчасти для станков, комплектующие",37500,руб,шт.,В наличии,Опт и розница,Комплекты,https://static.tildacdn.com/tild3235-6334-4536-b430-656238613562/image.jpg,RSS-0129,ТД РУССтанкоСбыт,Россия,,Перед заказом уточните параметры (размеры/модуль/посадку) по техзаданию.
130,Комплект ЗИП для узла станка №23,Комплект ЗИП для узла станка №23. Запасная часть для металлорежущих станков. Подбор и изготовление по техзаданию.,"Комплект ЗИП для узла станка №23, Комплекты, запчасти для станков, комплектующие",37500,руб,шт.,В наличии,Опт и розница,Комплекты,https://static.tildacdn.com/tild3235-6334-4536-b430-656238613562/image.jpg,RSS-0130,ТД РУССтанкоСбыт,Россия,,Перед заказом уточните параметры (размеры/модуль/посадку) по техзаданию.
131,Комплект ЗИП для узла станка №24,Комплект ЗИП для узла станка №24. Запасная часть для металлорежущих станков. Подбор и изготовление по техзаданию.,"Комплект ЗИП для узла станка №24, Комплекты, запчасти для станков, комплектующие",37500,руб,шт.,В наличии,Опт и розница,Комплекты,https://static.tildacdn.com/tild3235-6334-4536-b430-656238613562/image.jpg,RSS-0131,ТД РУССтанкоСбыт,Россия,,Перед заказом уточните параметры (размеры/модуль/посадку) по техзаданию.
132,Комплект ЗИП для узла станка №25,Комплект ЗИП для узла станка №25. Запасная часть для металлорежущих станков. Подбор и изготовление по техзаданию.,"Комплект ЗИП для узла станка №25, Комплекты, запчасти для станков, комплектующие",37500,руб,шт.,В наличии,Опт и розница,Комплекты,https://static.tildacdn.com/tild3235-6334-4536-b430-656238613562/image.jpg,RSS-0132,ТД РУССтанкоСбыт,Россия,,Перед заказом уточните параметры (размеры/модуль/посадку) по техзаданию.
133,Комплект ЗИП для узла станка №26,Комплект ЗИП для узла станка №26. Запасная часть для металлорежущих станков. Подбор и изготовление по техзаданию.,"Комплект ЗИП для узла станка №26, Комплекты, запчасти для станков, комплектующие",37500,руб,шт.,В наличии,Опт и розница,Комплекты,https://static.tildacdn.com/tild3235-6334-4536-b430-656238613562/image.jpg,RSS-0133,ТД РУССтанкоСбыт,Россия,,Перед заказом уточните параметры (размеры/модуль/посадку) по техзаданию.
134,Комплект ЗИП для узла станка №27,Комплект ЗИП для узла станка №27. Запасная часть для металлорежущих станков. Подбор и изготовление по техзаданию.,"Комплект ЗИП для узла станка №27, Комплекты, запчасти для станков, комплектующие",37500,руб,шт.,В наличии,Опт и розница,Комплекты,https://static.tildacdn.com/tild3235-6334-4536-b430-656238613562/image.jpg,RSS-0134,ТД РУССтанкоСбыт,Россия,,Перед заказом уточните параметры (размеры/модуль/посадку) по техзаданию.
135,Комплект ЗИП для узла станка №28,Комплект ЗИП для узла станка №28. Запасная часть для металлорежущих станков. Подбор и изготовление по техзаданию.,"Комплект ЗИП для узла станка №28, Комплекты, запчасти для станков, комплектующие",37500,руб,шт.,В наличии,Опт и розница,Комплекты,https://static.tildacdn.com/tild3235-6334-4536-b430-656238613562/image.jpg,RSS-0135,ТД РУССтанкоСбыт,Россия,,Перед заказом уточните параметры (размеры/модуль/посадку) по техзаданию.
136,Комплект ЗИП для узла станка №29,Комплект ЗИП для узла станка №29. Запасная часть для металлорежущих станков. Подбор и изготовление по техзаданию.,"Комплект ЗИП для узла станка №29, Комплекты, запчасти для станков, комплектующие",37500,руб,шт.,В наличии,Опт и розница,Комплекты,https://static.tildacdn.com/tild3235-6334-4536-b430-656238613562/image.jpg,RSS-0136,ТД РУССтанкоСбыт,Россия,,Перед заказом уточните параметры (размеры/модуль/посадку) по техзаданию.
137,Комплект ЗИП для узла станка №30,Комплект ЗИП для узла станка №30. Запасная часть для металлорежущих станков. Подбор и изготовление по техзаданию.,"Комплект ЗИП для узла станка №30, Комплекты, запчасти для станков, комплектующие",37500,руб,шт.,В наличии,Опт и розница,Комплекты,https://static.tildacdn.com/tild3235-6334-4536-b430-656238613562/image.jpg,RSS-0137,ТД РУССтанкоСбыт,Россия,,Перед заказом уточните параметры (размеры/модуль/посадку) по техзаданию.
138,Комплект ЗИП для узла станка №31,Комплект ЗИП для узла станка №31. Запасная часть для металлорежущих станков. Подбор и изготовление по техзаданию.,"Комплект ЗИП для узла станка №31, Комплекты, запчасти для станков, комплектующие",37500,руб,шт.,В наличии,Опт и розница,Комплекты,https://static.tildacdn.com/tild3235-6334-4536-b430-656238613562/image.jpg,RSS-0138,ТД РУССтанкоСбыт,Россия,,Перед заказом уточните параметры (размеры/модуль/посадку) по техзаданию.
139,Комплект ЗИП для узла станка №32,Комплект ЗИП для узла станка №32. Запасная часть для металлорежущих станков. Подбор и изготовление по техзаданию.,"Комплект ЗИП для узла станка №32, Комплекты, запчасти для станков, комплектующие",37500,руб,шт.,В наличии,Опт и розница,Комплекты,https://static.tildacdn.com/tild3235-6334-4536-b430-656238613562/image.jpg,RSS-0139,ТД РУССтанкоСбыт,Россия,,Перед заказом уточните параметры (размеры/модуль/посадку) по техзаданию.
140,Комплект ЗИП для узла станка №33,Комплект ЗИП для узла станка №33. Запасная часть для металлорежущих станков. Подбор и изготовление по техзаданию.,"Комплект ЗИП для узла станка №33, Комплекты, запчасти для станков, комплектующие",37500,руб,шт.,В наличии,Опт и розница,Комплекты,https://static.tildacdn.com/tild3235-6334-4536-b430-656238613562/image.jpg,RSS-0140,ТД РУССтанкоСбыт,Россия,,Перед заказом уточните параметры (размеры/модуль/посадку) по техзаданию.
141,Комплект ЗИП для узла станка №34,Комплект ЗИП для узла станка №34. Запасная часть для металлорежущих станков. Подбор и изготовление по техзаданию.,"Комплект ЗИП для узла станка №34, Комплекты, запчасти для станков, комплектующие",37500,руб,шт.,В наличии,Опт и розница,Комплекты,https://static.tildacdn.com/tild3235-6334-4536-b430-656238613562/image.jpg,RSS-0141,ТД РУССтанкоСбыт,Россия,,Перед заказом уточните параметры (размеры/модуль/посадку) по техзаданию.
142,Комплект ЗИП для узла станка №35,Комплект ЗИП для узла станка №35. Запасная часть для металлорежущих станков. Подбор и изготовление по техзаданию.,"Комплект ЗИП для узла станка №35, Комплекты, запчасти для станков, комплектующие",37500,руб,шт.,В наличии,Опт и розница,Комплекты,https://static.tildacdn.com/tild3235-6334-4536-b430-656238613562/image.jpg,RSS-0142,ТД РУССтанкоСбыт,Россия,,Перед заказом уточните параметры (размеры/модуль/посадку) по техзаданию.
143,Комплект ЗИП для узла станка №36,Комплект ЗИП для узла станка №36. Запасная часть для металлорежущих станков. Подбор и изготовление по техзаданию.,"Комплект ЗИП для узла станка №36, Комплекты, запчасти для станков, комплектующие",37500,руб,шт.,В наличии,Опт и розница,Комплекты,https://static.tildacdn.com/tild3235-6334-4536-b430-656238613562/image.jpg,RSS-0143,ТД РУССтанкоСбыт,Россия,,Перед заказом уточните параметры (размеры/модуль/посадку) по техзаданию.
144,Комплект ЗИП для узла станка №37,Комплект ЗИП для узла станка №37. Запасная часть для металлорежущих станков. Подбор и изготовление по техзаданию.,"Комплект ЗИП для узла станка №37, Комплекты, запчасти для станков, комплектующие",37500,руб,шт.,В наличии,Опт и розница,Комплекты,https://static.tildacdn.com/tild3235-6334-4536-b430-656238613562/image.jpg,RSS-0144,ТД РУССтанкоСбыт,Россия,,Перед заказом уточните параметры (размеры/модуль/посадку) по техзаданию.
145,Комплект ЗИП для узла станка №38,Комплект ЗИП для узла станка №38. Запасная часть для металлорежущих станков. Подбор и изготовление по техзаданию.,"Комплект ЗИП для узла станка №38, Комплекты, запчасти для станков, комплектующие",37500,руб,шт.,В наличии,Опт и розница,Комплекты,https://static.tildacdn.com/tild3235-6334-4536-b430-656238613562/image.jpg,RSS-0145,ТД РУССтанкоСбыт,Россия,,Перед заказом уточните параметры (размеры/модуль/посадку) по техзаданию.
146,Комплект ЗИП для узла станка №39,Комплект ЗИП для узла станка №39. Запасная часть для металлорежущих станков. Подбор и изготовление по техзаданию.,"Комплект ЗИП для узла станка №39, Комплекты, запчасти для станков, комплектующие",37500,руб,шт.,В наличии,Опт и розница,Комплекты,https://static.tildacdn.com/tild3235-6334-4536-b430-656238613562/image.jpg,RSS-0146,ТД РУССтанкоСбыт,Россия,,Перед заказом уточните параметры (размеры/модуль/посадку) по техзаданию.
147,Комплект ЗИП для узла станка №40,Комплект ЗИП для узла станка №40. Запасная часть для металлорежущих станков. Подбор и изготовление по техзаданию.,"Комплект ЗИП для узла станка №40, Комплекты, запчасти для станков, комплектующие",37500,руб,шт.,В наличии,Опт и розница,Комплекты,https://static.tildacdn.com/tild3235-6334-4536-b430-656238613562/image.jpg,RSS-0147,ТД РУССтанкоСбыт,Россия,,Перед заказом уточните параметры (размеры/модуль/посадку) по техзаданию.
148,Комплект ЗИП для узла станка №41,Комплект ЗИП для узла станка №41. Запасная часть для металлорежущих станков. Подбор и изготовление по техзаданию.,"Комплект ЗИП для узла станка №41, Комплекты, запчасти для станков, комплектующие",37500,руб,шт.,В наличии,Опт и розница,Комплекты,https://static.tildacdn.com/tild3235-6334-4536-b430-656238613562/image.jpg,RSS-0148,ТД РУССтанкоСбыт,Россия,,Перед заказом уточните параметры (размеры/модуль/посадку) по техзаданию.
149,Комплект ЗИП для узла станка №42,Комплект ЗИП для узла станка №42. Запасная часть для металлорежущих станков. Подбор и изготовление по техзаданию.,"Комплект ЗИП для узла станка №42, Комплекты, запчасти для станков, комплектующие",37500,руб,шт.,В наличии,Опт и розница,Комплекты,https://static.tildacdn.com/tild3235-6334-4536-b430-656238613562/image.jpg,RSS-0149,ТД РУССтанкоСбыт,Россия,,Перед заказом уточните параметры (размеры/модуль/посадку) по техзаданию.
150,Комплект ЗИП для узла станка №43,Комплект ЗИП для узла станка №43. Запасная часть для металлорежущих станков. Подбор и изготовление по техзаданию.,"Комплект ЗИП для узла станка №43, Комплекты, запчасти для станков, комплектующие",37500,руб,шт.,В наличии,Опт и розница,Комплекты,https://static.tildacdn.com/tild3235-6334-4536-b430-656238613562/image.jpg,RSS-0150,ТД РУССтанкоСбыт,Россия,,Перед заказом уточните параметры (размеры/модуль/посадку) по техзаданию.
151,Комплект ЗИП для узла станка №44,Комплект ЗИП для узла станка №44. Запасная часть для металлорежущих станков. Подбор и изготовление по техзаданию.,"Комплект ЗИП для узла станка №44, Комплекты, запчасти для станков, комплектующие",37500,руб,шт.,В наличии,Опт и розница,Комплекты,https://static.tildacdn.com/tild3235-6334-4536-b430-656238613562/image.jpg,RSS-0151,ТД РУССтанкоСбыт,Россия,,Перед заказом уточните параметры (размеры/модуль/посадку) по техзаданию.
152,Комплект ЗИП для узла станка №45,Комплект ЗИП для узла станка №45. Запасная часть для металлорежущих станков. Подбор и изготовление по техзаданию.,"Комплект ЗИП для узла станка №45, Комплекты, запчасти для станков, комплектующие",37500,руб,шт.,В наличии,Опт и розница,Комплекты,https://static.tildacdn.com/tild3235-6334-4536-b430-656238613562/image.jpg,RSS-0152,ТД РУССтанкоСбыт,Россия,,Перед заказом уточните параметры (размеры/модуль/посадку) по техзаданию.
153,Комплект ЗИП для узла станка №46,Комплект ЗИП для узла станка №46. Запасная часть для металлорежущих станков. Подбор и изготовление по техзаданию.,"Комплект ЗИП для узла станка №46, Комплекты, запчасти для станков, комплектующие",37500,руб,шт.,В наличии,Опт и розница,Комплекты,https://static.tildacdn.com/tild3235-6334-4536-b430-656238613562/image.jpg,RSS-0153,ТД РУССтанкоСбыт,Россия,,Перед заказом уточните параметры (размеры/модуль/посадку) по техзаданию.
154,Комплект ЗИП для узла станка №47,Комплект ЗИП для узла станка №47. Запасная часть для металлорежущих станков. Подбор и изготовление по техзаданию.,"Комплект ЗИП для узла станка №47, Комплекты, запчасти для станков, комплектующие",37500,руб,шт.,В наличии,Опт и розница,Комплекты,https://static.tildacdn.com/tild3235-6334-4536-b430-656238613562/image.jpg,RSS-0154,ТД РУССтанкоСбыт,Россия,,Перед заказом уточните параметры (размеры/модуль/посадку) по техзаданию.
155,Комплект ЗИП для узла станка №48,Комплект ЗИП для узла станка №48. Запасная часть для металлорежущих станков. Подбор и изготовление по техзаданию.,"Комплект ЗИП для узла станка №48, Комплекты, запчасти для станков, комплектующие",37500,руб,шт.,В наличии,Опт и розница,Комплекты,https://static.tildacdn.com/tild3235-6334-4536-b430-656238613562/image.jpg,RSS-0155,ТД РУССтанкоСбыт,Россия,,Перед заказом уточните параметры (размеры/модуль/посадку) по техзаданию.
156,Комплект ЗИП для узла станка №49,Комплект ЗИП для узла станка №49. Запасная часть для металлорежущих станков. Подбор и изготовление по техзаданию.,"Комплект ЗИП для узла станка №49, Комплекты, запчасти для станков, комплектующие",37500,руб,шт.,В наличии,Опт и розница,Комплекты,https://static.tildacdn.com/tild3235-6334-4536-b430-656238613562/image.jpg,RSS-0156,ТД РУССтанкоСбыт,Россия,,Перед заказом уточните параметры (размеры/модуль/посадку) по техзаданию.
157,Комплект ЗИП для узла станка №50,Комплект ЗИП для узла станка №50. Запасная часть для металлорежущих станков. Подбор и изготовление по техзаданию.,"Комплект ЗИП для узла станка №50, Комплекты, запчасти для станков, комплектующие",37500,руб,шт.,В наличии,Опт и розница,Комплекты,https://static.tildacdn.com/tild3235-6334-4536-b430-656238613562/image.jpg,RSS-0157,ТД РУССтанкоСбыт,Россия,,Перед заказом уточните параметры (размеры/модуль/посадку) по техзаданию.
158,Комплект ЗИП для узла станка №51,Комплект ЗИП для узла станка №51. Запасная часть для металлорежущих станков. Подбор и изготовление по техзаданию.,"Комплект ЗИП для узла станка №51, Комплекты, запчасти для станков, комплектующие",37500,руб,шт.,В наличии,Опт и розница,Комплекты,https://static.tildacdn.com/tild3235-6334-4536-b430-656238613562/image.jpg,RSS-0158,ТД РУССтанкоСбыт,Россия,,Перед заказом уточните параметры (размеры/модуль/посадку) по техзаданию.
159,Комплект ЗИП для узла станка №52,Комплект ЗИП для узла станка №52. Запасная часть для металлорежущих станков. Подбор и изготовление по техзаданию.,"Комплект ЗИП для узла станка №52, Комплекты, запчасти для станков, комплектующие",37500,руб,шт.,В наличии,Опт и розница,Комплекты,https://static.tildacdn.com/tild3235-6334-4536-b430-656238613562/image.jpg,RSS-0159,ТД РУССтанкоСбыт,Россия,,Перед заказом уточните параметры (размеры/модуль/посадку) по техзаданию.
160,Комплект ЗИП для узла станка №53,Комплект ЗИП для узла станка №53. Запасная часть для металлорежущих станков. Подбор и изготовление по техзаданию.,"Комплект ЗИП для узла станка №53, Комплекты, запчасти для станков, комплектующие",37500,руб,шт.,В наличии,Опт и розница,Комплекты,https://static.tildacdn.com/tild3235-6334-4536-b430-656238613562/image.jpg,RSS-0160,ТД РУССтанкоСбыт,Россия,,Перед заказом уточните параметры (размеры/модуль/посадку) по техзаданию.
161,Комплект ЗИП для узла станка №54,Комплект ЗИП для узла станка №54. Запасная часть для металлорежущих станков. Подбор и изготовление по техзаданию.,"Комплект ЗИП для узла станка №54, Комплекты, запчасти для станков, комплектующие",37500,руб,шт.,В наличии,Опт и розница,Комплекты,https://static.tildacdn.com/tild3235-6334-4536-b430-656238613562/image.jpg,RSS-0161,ТД РУССтанкоСбыт,Россия,,Перед заказом уточните параметры (размеры/модуль/посадку) по техзаданию.
162,Комплект ЗИП для узла станка №55,Комплект ЗИП для узла станка №55. Запасная часть для металлорежущих станков. Подбор и изготовление по техзаданию.,"Комплект ЗИП для узла станка №55, Комплекты, запчасти для станков, комплектующие",37500,руб,шт.,В наличии,Опт и розница,Комплекты,https://static.tildacdn.com/tild3235-6334-4536-b430-656238613562/image.jpg,RSS-0162,ТД РУССтанкоСбыт,Россия,,Перед заказом уточните параметры (размеры/модуль/посадку) по техзаданию.
163,Комплект ЗИП для узла станка №56,Комплект ЗИП для узла станка №56. Запасная часть для металлорежущих станков. Подбор и изготовление по техзаданию.,"Комплект ЗИП для узла станка №56, Комплекты, запчасти для станков, комплектующие",37500,руб,шт.,В наличии,Опт и розница,Комплекты,https://static.tildacdn.com/tild3235-6334-4536-b430-656238613562/image.jpg,RSS-0163,ТД РУССтанкоСбыт,Россия,,Перед заказом уточните параметры (размеры/модуль/посадку) по техзаданию.
164,Комплект ЗИП для узла станка №57,Комплект ЗИП для узла станка №57. Запасная часть для металлорежущих станков. Подбор и изготовление по техзаданию.,"Комплект ЗИП для узла станка №57, Комплекты, запчасти для станков, комплектующие",37500,руб,шт.,В наличии,Опт и розница,Комплекты,https://static.tildacdn.com/tild3235-6334-4536-b430-656238613562/image.jpg,RSS-0164,ТД РУССтанкоСбыт,Россия,,Перед заказом уточните параметры (размеры/модуль/посадку) по техзаданию.
165,Комплект ЗИП для узла станка №58,Комплект ЗИП для узла станка №58. Запасная часть для металлорежущих станков. Подбор и изготовление по техзаданию.,"Комплект ЗИП для узла станка №58, Комплекты, запчасти для станков, комплектующие",37500,руб,шт.,В наличии,Опт и розница,Комплекты,https://static.tildacdn.com/tild3235-6334-4536-b430-656238613562/image.jpg,RSS-0165,ТД РУССтанкоСбыт,Россия,,Перед заказом уточните параметры (размеры/модуль/посадку) по техзаданию.
166,Комплект ЗИП для узла станка №59,Комплект ЗИП для узла станка №59. Запасная часть для металлорежущих станков. Подбор и изготовление по техзаданию.,"Комплект ЗИП для узла станка №59, Комплекты, запчасти для станков, комплектующие",37500,руб,шт.,В наличии,Опт и розница,Комплекты,https://static.tildacdn.com/tild3235-6334-4536-b430-656238613562/image.jpg,RSS-0166,ТД РУССтанкоСбыт,Россия,,Перед заказом уточните параметры (размеры/модуль/посадку) по техзаданию.
167,Комплект ЗИП для узла станка №60,Комплект ЗИП для узла станка №60. Запасная часть для металлорежущих станков. Подбор и изготовление по техзаданию.,"Комплект ЗИП для узла станка №60, Комплекты, запчасти для станков, комплектующие",37500,руб,шт.,В наличии,Опт и розница,Комплекты,https://static.tildacdn.com/tild3235-6334-4536-b430-656238613562/image.jpg,RSS-0167,ТД РУССтанкоСбыт,Россия,,Перед заказом уточните параметры (размеры/модуль/посадку) по техзаданию.
168,Комплект ЗИП для узла станка №61,Комплект ЗИП для узла станка №61. Запасная часть для металлорежущих станков. Подбор и изготовление по техзаданию.,"Комплект ЗИП для узла станка №61, Комплекты, запчасти для станков, комплектующие",37500,руб,шт.,В наличии,Опт и розница,Комплекты,https://static.tildacdn.com/tild3235-6334-4536-b430-656238613562/image.jpg,RSS-0168,ТД РУССтанкоСбыт,Россия,,Перед заказом уточните параметры (размеры/модуль/посадку) по техзаданию.
169,Комплект ЗИП для узла станка №62,Комплект ЗИП для узла станка №62. Запасная часть для металлорежущих станков. Подбор и изготовление по техзаданию.,"Комплект ЗИП для узла станка №62, Комплекты, запчасти для станков, комплектующие",37500,руб,шт.,В наличии,Опт и розница,Комплекты,https://static.tildacdn.com/tild3235-6334-4536-b430-656238613562/image.jpg,RSS-0169,ТД РУССтанкоСбыт,Россия,,Перед заказом уточните параметры (размеры/модуль/посадку) по техзаданию.
170,Комплект ЗИП для узла станка №63,Комплект ЗИП для узла станка №63. Запасная часть для металлорежущих станков. Подбор и изготовление по техзаданию.,"Комплект ЗИП для узла станка №63, Комплекты, запчасти для станков, комплектующие",37500,руб,шт.,В наличии,Опт и розница,Комплекты,https://static.tildacdn.com/tild3235-6334-4536-b430-656238613562/image.jpg,RSS-0170,ТД РУССтанкоСбыт,Россия,,Перед заказом уточните параметры (размеры/модуль/посадку) по техзаданию.
171,Комплект ЗИП для узла станка №64,Комплект ЗИП для узла станка №64. Запасная часть для металлорежущих станков. Подбор и изготовление по техзаданию.,"Комплект ЗИП для узла станка №64, Комплекты, запчасти для станков, комплектующие",37500,руб,шт.,В наличии,Опт и розница,Комплекты,https://static.tildacdn.com/tild3235-6334-4536-b430-656238613562/image.jpg,RSS-0171,ТД РУССтанкоСбыт,Россия,,Перед заказом уточните параметры (размеры/модуль/посадку) по техзаданию.
172,Комплект ЗИП для узла станка №65,Комплект ЗИП для узла станка №65. Запасная часть для металлорежущих станков. Подбор и изготовление по техзаданию.,"Комплект ЗИП для узла станка №65, Комплекты, запчасти для станков, комплектующие",37500,руб,шт.,В наличии,Опт и розница,Комплекты,https://static.tildacdn.com/tild3235-6334-4536-b430-656238613562/image.jpg,RSS-0172,ТД РУССтанкоСбыт,Россия,,Перед заказом уточните параметры (размеры/модуль/посадку) по техзаданию.
173,Комплект ЗИП для узла станка №66,Комплект ЗИП для узла станка №66. Запасная часть для металлорежущих станков. Подбор и изготовление по техзаданию.,"Комплект ЗИП для узла станка №66, Комплекты, запчасти для станков, комплектующие",37500,руб,шт.,В наличии,Опт и розница,Комплекты,https://static.tildacdn.com/tild3235-6334-4536-b430-656238613562/image.jpg,RSS-0173,ТД РУССтанкоСбыт,Россия,,Перед заказом уточните параметры (размеры/модуль/посадку) по техзаданию.
174,Комплект ЗИП для узла станка №67,Комплект ЗИП для узла станка №67. Запасная часть для металлорежущих станков. Подбор и изготовление по техзаданию.,"Комплект ЗИП для узла станка №67, Комплекты, запчасти для станков, комплектующие",37500,руб,шт.,В наличии,Опт и розница,Комплекты,https://static.tildacdn.com/tild3235-6334-4536-b430-656238613562/image.jpg,RSS-0174,ТД РУССтанкоСбыт,Россия,,Перед заказом уточните параметры (размеры/модуль/посадку) по техзаданию.
175,Комплект ЗИП для узла станка №68,Комплект ЗИП для узла станка №68. Запасная часть для металлорежущих станков. Подбор и изготовление по техзаданию.,"Комплект ЗИП для узла станка №68, Комплекты, запчасти для станков, комплектующие",37500,руб,шт.,В наличии,Опт и розница,Комплекты,https://static.tildacdn.com/tild3235-6334-4536-b430-656238613562/image.jpg,RSS-0175,ТД РУССтанкоСбыт,Россия,,Перед заказом уточните параметры (размеры/модуль/посадку) по техзаданию.
176,Комплект ЗИП для узла станка №69,Комплект ЗИП для узла станка №69. Запасная часть для металлорежущих станков. Подбор и изготовление по техзаданию.,"Комплект ЗИП для узла станка №69, Комплекты, запчасти для станков, комплектующие",37500,руб,шт.,В наличии,Опт и розница,Комплекты,https://static.tildacdn.com/tild3235-6334-4536-b430-656238613562/image.jpg,RSS-0176,ТД РУССтанкоСбыт,Россия,,Перед заказом уточните параметры (размеры/модуль/посадку) по техзаданию.
177,Комплект ЗИП для узла станка №70,Комплект ЗИП для узла станка №70. Запасная часть для металлорежущих станков. Подбор и изготовление по техзаданию.,"Комплект ЗИП для узла станка №70, Комплекты, запчасти для станков, комплектующие",37500,руб,шт.,В наличии,Опт и розница,Комплекты,https://static.tildacdn.com/tild3235-6334-4536-b430-656238613562/image.jpg,RSS-0177,ТД РУССтанкоСбыт,Россия,,Перед заказом уточните параметры (размеры/модуль/посадку) по техзаданию.
178,Комплект ЗИП для узла станка №71,Комплект ЗИП для узла станка №71. Запасная часть для металлорежущих станков. Подбор и изготовление по техзаданию.,"Комплект ЗИП для узла станка №71, Комплекты, запчасти для станков, комплектующие",37500,руб,шт.,В наличии,Опт и розница,Комплекты,https://static.tildacdn.com/tild3235-6334-4536-b430-656238613562/image.jpg,RSS-0178,ТД РУССтанкоСбыт,Россия,,Перед заказом уточните параметры (размеры/модуль/посадку) по техзаданию.
179,Комплект ЗИП для узла станка №72,Комплект ЗИП для узла станка №72. Запасная часть для металлорежущих станков. Подбор и изготовление по техзаданию.,"Комплект ЗИП для узла станка №72, Комплекты, запчасти для станков, комплектующие",37500,руб,шт.,В наличии,Опт и розница,Комплекты,https://static.tildacdn.com/tild3235-6334-4536-b430-656238613562/image.jpg,RSS-0179,ТД РУССтанкоСбыт,Россия,,Перед заказом уточните параметры (размеры/модуль/посадку) по техзаданию.
180,Комплект ЗИП для узла станка №73,Комплект ЗИП для узла станка №73. Запасная часть для металлорежущих станков. Подбор и изготовление по техзаданию.,"Комплект ЗИП для узла станка №73, Комплекты, запчасти для станков, комплектующие",37500,руб,шт.,В наличии,Опт и розница,Комплекты,https://static.tildacdn.com/tild3235-6334-4536-b430-656238613562/image.jpg,RSS-0180,ТД РУССтанкоСбыт,Россия,,Перед заказом уточните параметры (размеры/модуль/посадку) по техзаданию.
181,Комплект ЗИП для узла станка №74,Комплект ЗИП для узла станка №74. Запасная часть для металлорежущих станков. Подбор и изготовление по техзаданию.,"Комплект ЗИП для узла станка №74, Комплекты, запчасти для станков, комплектующие",37500,руб,шт.,В наличии,Опт и розница,Комплекты,https://static.tildacdn.com/tild3235-6334-4536-b430-656238613562/image.jpg,RSS-0181,ТД РУССтанкоСбыт,Россия,,Перед заказом уточните параметры (размеры/модуль/посадку) по техзаданию.
182,Комплект ЗИП для узла станка №75,Комплект ЗИП для узла станка №75. Запасная часть для металлорежущих станков. Подбор и изготовление по техзаданию.,"Комплект ЗИП для узла станка №75, Комплекты, запчасти для станков, комплектующие",37500,руб,шт.,В наличии,Опт и розница,Комплекты,https://static.tildacdn.com/tild3235-6334-4536-b430-656238613562/image.jpg,RSS-0182,ТД РУССтанкоСбыт,Россия,,Перед заказом уточните параметры (размеры/модуль/посадку) по техзаданию.
183,Комплект ЗИП для узла станка №76,Комплект ЗИП для узла станка №76. Запасная часть для металлорежущих станков. Подбор и изготовление по техзаданию.,"Комплект ЗИП для узла станка №76, Комплекты, запчасти для станков, комплектующие",37500,руб,шт.,В наличии,Опт и розница,Комплекты,https://static.tildacdn.com/tild3235-6334-4536-b430-656238613562/image.jpg,RSS-0183,ТД РУССтанкоСбыт,Россия,,Перед заказом уточните параметры (размеры/модуль/посадку) по техзаданию.
184,Комплект ЗИП для узла станка №77,Комплект ЗИП для узла станка №77. Запасная часть для металлорежущих станков. Подбор и изготовление по техзаданию.,"Комплект ЗИП для узла станка №77, Комплекты, запчасти для станков, комплектующие",37500,руб,шт.,В наличии,Опт и розница,Комплекты,https://static.tildacdn.com/tild3235-6334-4536-b430-656238613562/image.jpg,RSS-0184,ТД РУССтанкоСбыт,Россия,,Перед заказом уточните параметры (размеры/модуль/посадку) по техзаданию.
185,Комплект ЗИП для узла станка №78,Комплект ЗИП для узла станка №78. Запасная часть для металлорежущих станков. Подбор и изготовление по техзаданию.,"Комплект ЗИП для узла станка №78, Комплекты, запчасти для станков, комплектующие",37500,руб,шт.,В наличии,Опт и розница,Комплекты,https://static.tildacdn.com/tild3235-6334-4536-b430-656238613562/image.jpg,RSS-0185,ТД РУССтанкоСбыт,Россия,,Перед заказом уточните параметры (размеры/модуль/посадку) по техзаданию.
186,Комплект ЗИП для узла станка №79,Комплект ЗИП для узла станка №79. Запасная часть для металлорежущих станков. Подбор и изготовление по техзаданию.,"Комплект ЗИП для узла станка №79, Комплекты, запчасти для станков, комплектующие",37500,руб,шт.,В наличии,Опт и розница,Комплекты,https://static.tildacdn.com/tild3235-6334-4536-b430-656238613562/image.jpg,RSS-0186,ТД РУССтанкоСбыт,Россия,,Перед заказом уточните параметры (размеры/модуль/посадку) по техзаданию.
187,Комплект ЗИП для узла станка №80,Комплект ЗИП для узла станка №80. Запасная часть для металлорежущих станков. Подбор и изготовление по техзаданию.,"Комплект ЗИП для узла станка №80, Комплекты, запчасти для станков, комплектующие",37500,руб,шт.,В наличии,Опт и розница,Комплекты,https://static.tildacdn.com/tild3235-6334-4536-b430-656238613562/image.jpg,RSS-0187,ТД РУССтанкоСбыт,Россия,,Перед заказом уточните параметры (размеры/модуль/посадку) по техзаданию.
188,Комплект ЗИП для узла станка №81,Комплект ЗИП для узла станка №81. Запасная часть для металлорежущих станков. Подбор и изготовление по техзаданию.,"Комплект ЗИП для узла станка №81, Комплекты, запчасти для станков, комплектующие",37500,руб,шт.,В наличии,Опт и розница,Комплекты,https://static.tildacdn.com/tild3235-6334-4536-b430-656238613562/image.jpg,RSS-0188,ТД РУССтанкоСбыт,Россия,,Перед заказом уточните параметры (размеры/модуль/посадку) по техзаданию.
189,Комплект ЗИП для узла станка №82,Комплект ЗИП для узла станка №82. Запасная часть для металлорежущих станков. Подбор и изготовление по техзаданию.,"Комплект ЗИП для узла станка №82, Комплекты, запчасти для станков, комплектующие",37500,руб,шт.,В наличии,Опт и розница,Комплекты,https://static.tildacdn.com/tild3235-6334-4536-b430-656238613562/image.jpg,RSS-0189,ТД РУССтанкоСбыт,Россия,,Перед заказом уточните параметры (размеры/модуль/посадку) по техзаданию.
190,Комплект ЗИП для узла станка №83,Комплект ЗИП для узла станка №83. Запасная часть для металлорежущих станков. Подбор и изготовление по техзаданию.,"Комплект ЗИП для узла станка №83, Комплекты, запчасти для станков, комплектующие",37500,руб,шт.,В наличии,Опт и розница,Комплекты,https://static.tildacdn.com/tild3235-6334-4536-b430-656238613562/image.jpg,RSS-0190,ТД РУССтанкоСбыт,Россия,,Перед заказом уточните параметры (размеры/модуль/посадку) по техзаданию.
191,Комплект ЗИП для узла станка №84,Комплект ЗИП для узла станка №84. Запасная часть для металлорежущих станков. Подбор и изготовление по техзаданию.,"Комплект ЗИП для узла станка №84, Комплекты, запчасти для станков, комплектующие",37500,руб,шт.,В наличии,Опт и розница,Комплекты,https://static.tildacdn.com/tild3235-6334-4536-b430-656238613562/image.jpg,RSS-0191,ТД РУССтанкоСбыт,Россия,,Перед заказом уточните параметры (размеры/модуль/посадку) по техзаданию.
192,Комплект ЗИП для узла станка №85,Комплект ЗИП для узла станка №85. Запасная часть для металлорежущих станков. Подбор и изготовление по техзаданию.,"Комплект ЗИП для узла станка №85, Комплекты, запчасти для станков, комплектующие",37500,руб,шт.,В наличии,Опт и розница,Комплекты,https://static.tildacdn.com/tild3235-6334-4536-b430-656238613562/image.jpg,RSS-0192,ТД РУССтанкоСбыт,Россия,,Перед заказом уточните параметры (размеры/модуль/посадку) по техзаданию.
193,Комплект ЗИП для узла станка №86,Комплект ЗИП для узла станка №86. Запасная часть для металлорежущих станков. Подбор и изготовление по техзаданию.,"Комплект ЗИП для узла станка №86, Комплекты, запчасти для станков, комплектующие",37500,руб,шт.,В наличии,Опт и розница,Комплекты,https://static.tildacdn.com/tild3235-6334-4536-b430-656238613562/image.jpg,RSS-0193,ТД РУССтанкоСбыт,Россия,,Перед заказом уточните параметры (размеры/модуль/посадку) по техзаданию.
194,Комплект ЗИП для узла станка №87,Комплект ЗИП для узла станка №87. Запасная часть для металлорежущих станков. Подбор и изготовление по техзаданию.,"Комплект ЗИП для узла станка №87, Комплекты, запчасти для станков, комплектующие",37500,руб,шт.,В наличии,Опт и розница,Комплекты,https://static.tildacdn.com/tild3235-6334-4536-b430-656238613562/image.jpg,RSS-0194,ТД РУССтанкоСбыт,Россия,,Перед заказом уточните параметры (размеры/модуль/посадку) по техзаданию.
195,Комплект ЗИП для узла станка №88,Комплект ЗИП для узла станка №88. Запасная часть для металлорежущих станков. Подбор и изготовление по техзаданию.,"Комплект ЗИП для узла станка №88, Комплекты, запчасти для станков, комплектующие",37500,руб,шт.,В наличии,Опт и розница,Комплекты,https://static.tildacdn.com/tild3235-6334-4536-b430-656238613562/image.jpg,RSS-0195,ТД РУССтанкоСбыт,Россия,,Перед заказом уточните параметры (размеры/модуль/посадку) по техзаданию.
1522910,Револьверная головка 16М30Ф3,"Револьверная головка 16М30Ф3.40.000 — это четырехпозиционный инструментальный узел, применяемый в токарных станках с чис...","Револьверная головка, резцедержатель 16М30Ф3.000.40.000",796350,руб,шт.,в наличии,,revolvernye-golovki,http://www.regtorg.ru/imgs/goods/29/10/1522910-photo-big.jpg,16Ì30Ô3.40.000,,Россия,,
